Id,Status
31547,0
34980,0
54744,0
20884,0
42440,0
60836,0
14809,0
38827,0
48963,0
37423,0
18654,0
10648,0
28457,0
71254,0
17841,0
34551,0
37838,0
14455,0
11633,0
64120,0
63126,0
24791,0
32277,0
53224,0
22652,0
25096,0
34922,0
57159,0
6044,0
10788,0
45554,0
59524,0
18838,0
15478,0
68170,0
62148,0
61849,0
71031,0
10239,0
16800,0
23790,0
31825,0
2863,0
32633,0
68852,0
53484,0
67929,0
17807,0
39309,0
47049,0
23445,0
11138,0
17861,0
50161,0
11010,0
63682,0
43688,0
6487,0
67477,0
69367,0
71810,0
60004,0
56672,0
43743,0
51862,0
22288,0
21694,0
32970,0
46020,0
38823,0
65972,0
2130,0
65428,0
57901,0
36453,0
9880,0
23720,0
51225,0
9546,0
46079,0
60185,0
73313,0
53703,0
49651,0
29277,0
72989,0
67773,0
24392,0
38974,0
49849,0
73367,0
23805,0
43923,0
2739,0
35601,0
8912,0
14065,0
48107,0
7257,0
29364,0
60304,0
6600,0
20025,0
66662,0
37111,0
46778,0
20953,0
58157,0
44054,0
42230,0
29721,0
31251,0
42876,0
45175,0
29059,0
35577,0
40930,0
43348,0
43908,0
23118,0
13233,0
61461,0
45569,0
44773,0
3821,0
67881,0
61549,0
10704,0
49727,0
69950,0
36138,0
41717,0
40425,0
29454,0
43716,0
38314,0
48778,0
14146,0
65810,0
69348,0
50056,0
31906,0
38758,0
60237,0
31439,0
54374,0
26160,0
6218,0
58337,0
31534,0
22906,0
10337,0
41212,0
62478,0
50565,0
71837,0
39725,0
47520,0
7874,0
73185,0
45966,0
22431,0
31656,0
70456,0
29294,0
62929,0
13799,0
64887,0
40927,0
61456,0
68868,0
72886,0
33467,0
37778,0
37737,0
10148,0
49265,0
67285,0
20903,0
41921,0
20048,0
11058,0
42041,0
9638,0
21258,0
48015,0
73039,0
74190,0
39282,0
44618,0
18080,0
54131,0
18901,0
59350,0
56088,0
30616,0
45423,0
42528,0
1449,0
3059,0
50649,0
48372,0
41494,0
11103,0
49305,0
73417,0
16061,0
65850,0
11804,0
60731,0
56125,0
39399,0
61061,0
27422,0
38810,0
46559,0
25813,0
53564,0
21893,0
48247,0
62139,0
69895,0
9812,0
35070,0
37728,0
60800,0
3704,0
71638,0
71095,0
68332,0
15688,0
12130,0
63039,0
16868,0
2564,0
16440,0
5721,0
68473,0
15051,0
14756,0
21202,0
69255,0
24178,0
43000,0
34106,0
41903,0
20392,0
54422,0
67103,0
23672,0
22093,0
56430,0
51,0
67998,0
71603,0
18435,0
31920,0
32000,0
60135,0
21605,0
46091,0
56412,0
69073,0
45927,0
9145,0
42845,0
46357,0
65791,0
9052,0
36460,0
46845,0
21107,0
19247,0
23411,0
72478,0
19896,0
20968,0
20081,0
18924,0
7540,0
52175,0
52801,0
28691,0
23775,0
56491,0
3202,0
19044,0
19268,0
5224,0
52311,0
72667,0
46880,0
9807,0
37441,0
41383,0
49426,0
43302,0
54758,0
3763,0
34224,0
58985,0
28812,0
820,0
54020,0
689,0
35058,0
67882,0
69607,0
65,0
61843,0
66349,0
5368,0
7571,0
3974,0
70344,0
66334,0
42274,0
19358,0
44107,0
42710,0
30963,0
33051,0
27523,0
45444,0
72619,0
28221,0
20654,0
68965,0
12282,0
16614,0
30851,0
29330,0
24334,0
22322,0
17427,0
32758,0
67637,0
38191,0
36213,0
28738,0
45359,0
53121,0
45209,0
43390,0
9320,0
40558,0
54413,0
56915,0
71941,0
36636,0
7419,0
8623,0
35343,0
49571,0
51206,0
3602,0
10517,0
47108,0
41214,0
5362,0
3983,0
24575,0
26979,0
47076,0
6814,0
69577,0
36847,0
44424,0
62714,0
1860,0
1171,0
33799,0
15015,0
3907,0
12446,0
3591,0
38011,0
10481,0
50244,0
67000,0
36432,0
6316,0
53412,0
58703,0
60070,0
36116,0
38095,0
28763,0
22804,0
26213,0
42186,0
41282,0
70863,0
53879,0
23448,0
1813,0
43256,0
150,0
26148,0
67640,0
52304,0
12880,0
71719,0
20411,0
6948,0
73311,0
22682,0
33213,0
19804,0
64619,0
56756,0
55242,0
70508,0
38642,0
534,0
30702,0
56283,0
65664,0
15456,0
18529,0
35316,0
54956,0
74045,0
14314,0
18426,0
17931,0
11303,0
13293,0
24290,0
52946,0
47435,0
60501,0
28723,0
11304,0
59971,0
17485,0
20495,0
60936,0
52161,0
63146,0
21687,0
37127,0
17755,0
67631,0
7314,0
48791,0
64485,0
48593,0
32789,0
35374,0
38565,0
70941,0
46221,0
1402,0
24161,0
14334,0
39820,0
49,0
40006,0
56163,0
17176,0
11544,0
10642,0
44119,0
58679,0
18766,0
19958,0
31533,0
11008,0
19550,0
162,0
51913,0
59582,0
11632,0
69536,0
39642,0
59727,0
59516,0
32439,0
16133,0
69104,0
48263,0
32634,0
22433,0
49864,0
21404,0
12199,0
7290,0
42026,0
64328,0
70940,0
71747,0
50901,0
59062,0
14887,0
38324,0
58582,0
69973,0
40796,0
59685,0
63698,0
8907,0
55760,0
64544,0
57967,0
25391,0
70194,0
46054,0
31378,0
54778,0
600,0
16360,0
33554,0
60783,0
63581,0
45662,0
54812,0
49287,0
3270,0
17687,0
68272,0
59142,0
66310,0
15255,0
60020,0
60908,0
44987,0
57417,0
3412,0
60914,0
5373,0
44680,0
5555,0
42960,0
37481,0
9062,0
15181,0
68194,0
31763,0
62243,0
9765,0
1140,0
71096,0
28488,0
73375,0
31965,0
23884,0
3910,0
32078,0
28247,0
53182,0
37120,0
59438,0
54482,0
28498,0
10755,0
58279,0
28194,0
69779,0
54667,0
63006,0
23695,0
11695,0
11297,0
65201,0
47464,0
31615,0
28661,0
28665,0
56010,0
15277,0
64971,0
53163,0
59186,0
50333,0
43110,0
57918,0
25300,0
23652,0
7366,0
47130,0
22303,0
37748,0
17525,0
41844,0
15992,0
46301,0
33759,0
22148,0
6942,0
10374,0
62772,0
42735,0
3030,0
7779,0
31015,0
3673,0
50065,0
3465,0
73587,0
4516,0
16560,0
37977,0
67675,0
45006,0
33820,0
52043,0
62883,0
36319,0
32820,0
41280,0
6074,0
28948,0
19691,0
61036,0
42543,0
28765,0
12834,0
46977,0
65052,0
32723,0
70494,0
16237,0
55974,0
40947,0
70761,0
27861,0
46322,0
66437,0
5786,0
10482,0
21995,0
10744,0
8031,0
62570,0
26657,0
30037,0
71006,0
31548,0
68987,0
49273,0
7460,0
49586,0
61809,0
19615,0
33203,0
64363,0
70223,0
9020,0
60302,0
72559,0
26808,0
45276,0
4978,0
9768,0
7740,0
69995,0
52621,0
43016,0
65474,0
17368,0
56460,0
47653,0
4985,0
63808,0
15367,0
33019,0
13304,0
10111,0
23963,0
52532,0
15442,0
5004,0
58403,0
43114,0
54189,0
61267,0
9385,0
17598,0
32556,0
33464,0
27933,0
65100,0
64052,0
15489,0
72407,0
3791,0
3785,0
48909,0
12136,0
66948,0
24923,0
21975,0
42701,0
58567,0
47384,0
23664,0
47703,0
63742,0
65758,0
70109,0
35872,0
9342,0
44682,0
46263,0
53850,0
57683,0
5087,0
66963,0
67724,0
61020,0
59205,0
69145,0
391,0
22706,0
31047,0
60674,0
26245,0
61268,0
34093,0
43025,0
54019,0
1104,0
54397,0
55203,0
13022,0
65917,0
50167,0
6157,0
20298,0
63273,0
14964,0
39128,0
66296,0
3286,0
17354,0
36794,0
16780,0
70835,0
19814,0
15265,0
69651,0
42263,0
36287,0
26868,0
17672,0
22795,0
51871,0
65570,0
63652,0
72217,0
4785,0
66509,0
65813,0
56006,0
492,0
14512,0
6766,0
21971,0
27168,0
41972,0
43167,0
14429,0
70784,0
31773,0
73686,0
20841,0
29467,0
27786,0
2694,0
56042,0
31033,0
58573,0
37043,0
26517,0
43063,0
67354,0
24543,0
53697,0
29979,0
20032,0
31839,0
34297,0
38018,0
73034,0
59153,0
62149,0
52290,0
61839,0
55448,0
27619,0
69890,0
9198,0
49049,0
55,0
19016,0
40099,0
6761,0
32778,0
46745,0
38924,0
70078,0
19305,0
54164,0
64371,0
19864,0
20774,0
38135,0
54215,0
4108,0
63048,0
51373,0
14640,0
11184,0
35688,0
16454,0
17499,0
6769,0
19889,0
39430,0
8643,0
21005,0
64337,0
3796,0
58762,0
47196,0
33108,0
72537,0
48889,0
73176,0
54739,0
23673,0
72402,0
7618,0
66493,0
53251,0
44901,0
71729,0
33138,0
68779,0
2849,0
36563,0
52294,0
8069,0
29640,0
18591,0
18847,0
61962,0
26184,0
38333,0
26240,0
70171,0
7091,0
38787,0
42648,0
46132,0
9471,0
2804,0
31202,0
17404,0
250,0
53945,0
19751,0
58865,0
55137,0
46272,0
15603,0
44414,0
18793,0
32329,0
9203,0
38622,0
7517,0
49714,0
8550,0
20591,0
36399,0
19208,0
7541,0
63450,0
40818,0
8910,0
43642,0
7933,0
69337,0
14956,0
2480,0
28840,0
40296,0
71596,0
43266,0
13656,0
53009,0
45833,0
60500,0
72869,0
67003,0
54838,0
31228,0
46765,0
42936,0
59245,0
54966,0
18634,0
68731,0
23730,0
7221,0
42377,0
14417,0
74081,0
54670,0
64585,0
49672,0
25346,0
16646,0
55219,0
59750,0
32208,0
69411,0
10102,0
16944,0
9287,0
52190,0
67875,0
32982,0
52202,0
56452,0
71068,0
69706,0
58322,0
7556,0
64415,0
1411,0
62910,0
34422,0
13420,0
34875,0
43764,0
25539,0
11072,0
71363,0
8647,0
25297,0
69025,0
65707,0
39305,0
47361,0
19317,0
48944,0
44936,0
62677,0
62777,0
64066,0
27939,0
64179,0
49210,0
36538,0
18205,0
42101,0
20061,0
57563,0
15288,0
51481,0
49724,0
4580,0
26814,0
69403,0
16555,0
9805,0
72943,0
40449,0
16850,0
15206,0
30765,0
44146,0
36592,0
60432,0
63602,0
61230,0
8362,0
43501,0
26612,0
38328,0
12501,0
31443,0
37500,0
4646,0
44922,0
15889,0
55454,0
3418,0
36313,0
17004,0
12904,0
4155,0
31665,0
35420,0
14214,0
2369,0
20257,0
9776,0
56492,0
52863,0
46329,0
72880,0
58483,0
38755,0
12936,0
28545,0
44560,0
10235,0
74014,0
68704,0
59786,0
49046,0
67807,0
56846,0
43214,0
60528,0
65254,0
60389,0
15961,0
73641,0
20496,0
26962,0
66817,0
61894,0
9127,0
29549,0
38989,0
59872,0
11403,0
66016,0
11360,0
28652,0
31165,0
26633,0
10162,0
61429,0
38854,0
9878,0
46007,0
38131,0
55020,0
10840,0
71962,0
37833,0
1816,0
10588,0
15828,0
60873,0
63960,0
5369,0
41489,0
4955,0
63495,0
48407,0
69928,0
15303,0
38126,0
71284,0
46190,0
70022,0
39625,0
37302,0
53291,0
45659,0
48041,0
51767,0
58625,0
53112,0
68590,0
30744,0
16610,0
47087,0
54860,0
54393,0
68168,0
65757,0
20442,0
14180,0
20124,0
50372,0
12650,0
58043,0
3867,0
14030,0
3820,0
19572,0
32713,0
39674,0
59435,0
59897,0
43289,0
48158,0
3851,0
63363,0
54110,0
65216,0
51107,0
61851,0
68809,0
46071,0
19806,0
17707,0
67732,0
52258,0
14800,0
39163,0
38189,0
40292,0
493,0
35720,0
13615,0
571,0
392,0
66887,0
61719,0
23510,0
36705,0
20560,0
72012,0
27237,0
49702,0
40214,0
31242,0
18660,0
42865,0
12412,0
67598,0
41121,0
2526,0
54377,0
837,0
26819,0
69342,0
14828,0
57693,0
55963,0
41471,0
58781,0
29380,0
39261,0
4829,0
57571,0
17750,0
38146,0
44090,0
4620,0
36163,0
36782,0
57896,0
60324,0
62172,0
22933,0
61158,0
8931,0
37487,0
32063,0
784,0
23648,0
24406,0
2965,0
71021,0
62302,0
65395,0
23239,0
69620,0
61238,0
17375,0
59265,0
60699,0
64850,0
44839,0
32451,0
69467,0
19723,0
24843,0
64487,0
45270,0
54338,0
17097,0
46407,0
51570,0
41630,0
62143,0
32162,0
27197,0
43018,0
47119,0
70032,0
54601,0
14369,0
28051,0
14498,0
36049,0
33335,0
17647,0
13262,0
9251,0
20994,0
61348,0
14803,0
42044,0
4443,0
58697,0
9004,0
65197,0
18987,0
21752,0
18287,0
34660,0
74166,0
25078,0
5294,0
45803,0
45884,0
15049,0
31785,0
17983,0
37945,0
4036,0
9773,0
51618,0
17623,0
59634,0
49247,0
41458,0
37871,0
51115,0
7125,0
69064,0
69526,0
65146,0
32620,0
66803,0
44169,0
65385,0
43088,0
51153,0
11451,0
18504,0
15494,0
7343,0
57532,0
28366,0
71347,0
30784,0
18875,0
68937,0
38893,0
62474,0
66962,0
60162,0
7202,0
53030,0
66518,0
57304,0
5689,0
39496,0
34014,0
49310,0
14016,0
4914,0
68212,0
16836,0
68521,0
39004,0
3606,0
57725,0
4876,0
37222,0
34653,0
10402,0
67810,0
53365,0
51265,0
50242,0
71274,0
34095,0
11923,0
34005,0
65918,0
53583,0
23169,0
43880,0
46889,0
44864,0
18130,0
63480,0
38793,0
31890,0
15007,0
39755,0
15579,0
6514,0
2760,0
43143,0
55565,0
39702,0
34948,0
19627,0
44745,0
32429,0
34007,0
25986,0
1093,0
60036,0
32775,0
6202,0
43448,0
37289,0
11326,0
21902,0
38890,0
846,0
33033,0
52812,0
39573,0
55777,0
73111,0
32605,0
55532,0
70810,0
37493,0
3319,0
31578,0
45179,0
47824,0
34116,0
42587,0
18760,0
29372,0
54835,0
8995,0
3919,0
51202,0
61947,0
61193,0
9059,0
53546,0
31951,0
61274,0
67375,0
30181,0
63205,0
49237,0
47658,0
12805,0
6164,0
31822,0
25969,0
57573,0
73140,0
39473,0
2913,0
45446,0
21844,0
66372,0
12086,0
43042,0
421,0
11211,0
42260,0
57968,0
73901,0
39077,0
19031,0
27704,0
7408,0
236,0
46135,0
7676,0
29448,0
53219,0
28831,0
35219,0
63298,0
39607,0
52369,0
62806,0
50747,0
50821,0
47785,0
38032,0
30214,0
23806,0
37993,0
9458,0
23331,0
45253,0
13601,0
11524,0
6411,0
42877,0
52194,0
40278,0
28604,0
45578,0
24777,0
24550,0
37647,0
29250,0
60636,0
64058,0
60941,0
17402,0
66608,0
28578,0
65564,0
66510,0
9744,0
3620,0
65376,0
8958,0
51423,0
68393,0
48354,0
26543,0
38486,0
27958,0
53056,0
3643,0
27783,0
64234,0
5431,0
68388,0
33119,0
34805,0
53243,0
52063,0
7677,0
35095,0
74221,0
8166,0
26660,0
37268,0
58262,0
36314,0
70040,0
28416,0
34313,0
72422,0
16588,0
42738,0
765,0
57872,0
36024,0
25924,0
40899,0
71272,0
53310,0
45406,0
53502,0
59609,0
26676,0
57882,0
13778,0
46675,0
24397,0
32853,0
5471,0
35696,0
73880,0
16654,0
10614,0
63408,0
56140,0
53205,0
37187,0
69279,0
71935,0
68318,0
48221,0
31817,0
71369,0
47089,0
7049,0
12734,0
13721,0
11049,0
26319,0
38640,0
12400,0
30160,0
55641,0
20381,0
43067,0
15554,0
57502,0
42427,0
38413,0
35876,0
32832,0
73850,0
21230,0
21937,0
28918,0
40641,0
15169,0
72221,0
9756,0
35161,0
61494,0
3841,0
30943,0
25013,0
60928,0
69356,0
55245,0
23869,0
28579,0
39366,0
26294,0
41172,0
44953,0
51819,0
33655,0
16884,0
23482,0
22255,0
15809,0
13613,0
15518,0
42834,0
2346,0
23989,0
31767,0
29843,0
70417,0
45061,0
51330,0
65522,0
16838,0
28025,0
52985,0
23141,0
38195,0
14176,0
58914,0
16781,0
68581,0
11246,0
50523,0
56120,0
39970,0
48538,0
19968,0
38916,0
24006,0
56218,0
62156,0
25628,0
41140,0
23556,0
10212,0
62181,0
71415,0
4533,0
9128,0
1056,0
37280,0
55452,0
70637,0
35198,0
37923,0
50539,0
6674,0
55497,0
24393,0
14482,0
38706,0
9281,0
65841,0
30795,0
832,0
2154,0
60926,0
13626,0
10309,0
54458,0
4783,0
10201,0
49019,0
64460,0
2253,0
51532,0
68983,0
2299,0
42345,0
66673,0
70534,0
57911,0
68047,0
65935,0
39565,0
7907,0
1836,0
27651,0
24459,0
27004,0
9241,0
71081,0
61480,0
16747,0
65269,0
24032,0
6089,0
41290,0
61623,0
71129,0
40003,0
17895,0
59948,0
29584,0
26711,0
3131,0
62346,0
40825,0
47362,0
7019,0
63554,0
8291,0
2094,0
63398,0
33243,0
17155,0
27973,0
16292,0
50687,0
43255,0
50123,0
29011,0
11698,0
41827,0
68823,0
60958,0
70371,0
54904,0
3871,0
46849,0
20232,0
24377,0
42925,0
35691,0
11891,0
3645,0
57380,0
2895,0
36466,0
1166,0
27323,0
4199,0
7572,0
17378,0
69648,0
28679,0
69524,0
63557,0
29861,0
37746,0
64522,0
47470,0
27924,0
10629,0
33413,0
36570,0
27561,0
44006,0
32296,0
45219,0
22491,0
1037,0
45473,0
55518,0
65580,0
10720,0
45806,0
64593,0
829,0
29479,0
69911,0
51515,0
72529,0
15229,0
43830,0
54040,0
30999,0
64511,0
68832,0
32006,0
71833,0
14959,0
6720,0
42934,0
20783,0
23336,0
45290,0
6722,0
19624,0
28305,0
20027,0
24180,0
20759,0
39729,0
18969,0
42307,0
43426,0
61812,0
44951,0
35637,0
38511,0
23570,0
51872,0
22115,0
25660,0
17379,0
40040,0
20885,0
4908,0
62838,0
69414,0
57704,0
21701,0
27853,0
7433,0
29129,0
55943,0
19861,0
65021,0
16264,0
51642,0
9862,0
67781,0
70811,0
60171,0
34262,0
6248,0
22982,0
5733,0
46708,0
46161,0
66870,0
15172,0
46689,0
41595,0
723,0
33117,0
68644,0
53906,0
66611,0
2744,0
65145,0
66309,0
17538,0
28125,0
57985,0
13384,0
7878,0
71264,0
20850,0
61116,0
15066,0
34885,0
36807,0
35766,0
44710,0
62701,0
65458,0
58064,0
29610,0
8866,0
51501,0
25362,0
30483,0
1390,0
61223,0
58014,0
26782,0
61729,0
9448,0
756,0
60394,0
70139,0
44376,0
51593,0
43085,0
26007,0
44804,0
64446,0
56781,0
3594,0
58919,0
37675,0
24184,0
14672,0
13269,0
45475,0
67024,0
47261,0
53012,0
64099,0
37099,0
42678,0
21117,0
618,0
56241,0
63104,0
11232,0
68528,0
6970,0
3707,0
4463,0
47217,0
68153,0
74124,0
6815,0
67184,0
52039,0
9708,0
70730,0
11165,0
56715,0
50326,0
66450,0
34232,0
22090,0
72566,0
53723,0
23722,0
53355,0
6927,0
60648,0
14279,0
63761,0
32090,0
1235,0
43588,0
21271,0
35493,0
59359,0
47162,0
45071,0
26598,0
40505,0
48173,0
32343,0
4120,0
69936,0
21216,0
68783,0
52342,0
13431,0
50778,0
26015,0
66890,0
29292,0
7265,0
61375,0
73915,0
72312,0
6155,0
13231,0
33322,0
35339,0
39606,0
26302,0
35261,0
54319,0
35631,0
1311,0
46914,0
14132,0
39823,0
62964,0
66924,0
11983,0
34965,0
37308,0
66729,0
68426,0
28173,0
18044,0
16498,0
36210,0
10386,0
18787,0
52343,0
29258,0
59489,0
14471,0
25611,0
12938,0
50952,0
37443,0
61412,0
9454,0
13383,0
21509,0
7214,0
65533,0
15646,0
16937,0
20369,0
18525,0
9919,0
57640,0
66246,0
46396,0
248,0
3387,0
74224,0
63475,0
31791,0
18185,0
58205,0
6865,0
73411,0
28774,0
67052,0
69118,0
39733,0
22700,0
73497,0
43969,0
72858,0
44908,0
63236,0
47708,0
2745,0
26235,0
54409,0
27940,0
996,0
10485,0
29548,0
69007,0
15802,0
47135,0
38087,0
13835,0
73075,0
52792,0
12223,0
39809,0
4200,0
43273,0
65441,0
5403,0
64548,0
10771,0
8025,0
44717,0
728,0
24128,0
10893,0
71732,0
23353,0
6791,0
2611,0
64991,0
13748,0
45338,0
21008,0
47583,0
18483,0
8639,0
43131,0
44534,0
66345,0
19394,0
40826,0
69269,0
35762,0
6881,0
39746,0
2273,0
46044,0
67497,0
28258,0
25476,0
5402,0
62290,0
72554,0
46949,0
37011,0
3922,0
65762,0
51755,0
66215,0
45977,0
25883,0
61103,0
28113,0
69178,0
58653,0
37758,0
44963,0
9627,0
54649,0
62262,0
54889,0
31252,0
38775,0
6257,0
32672,0
15010,0
32326,0
39492,0
5110,0
852,0
69224,0
29095,0
29091,0
1204,0
2584,0
41018,0
34399,0
18877,0
64268,0
34560,0
37434,0
4243,0
40260,0
10940,0
53552,0
55755,0
23000,0
29219,0
16638,0
60630,0
34939,0
13967,0
19209,0
8512,0
36879,0
59405,0
58529,0
23,0
44145,0
47303,0
31434,0
67670,0
41371,0
35812,0
8728,0
23030,0
29397,0
41118,0
4190,0
8936,0
7496,0
25357,0
37223,0
18469,0
39143,0
46888,0
70300,0
71138,0
61493,0
47755,0
47790,0
8211,0
48357,0
67824,0
63240,0
41369,0
55842,0
53638,0
31162,0
28719,0
45333,0
59298,0
19788,0
28166,0
15988,0
8382,0
69745,0
62510,0
59152,0
28966,0
64949,0
4610,0
38938,0
69222,0
27735,0
30856,0
32939,0
32355,0
39728,0
23016,0
33844,0
28168,0
53321,0
13558,0
74176,0
29253,0
30742,0
59228,0
31692,0
40808,0
56404,0
29856,0
65817,0
10888,0
28923,0
23144,0
15466,0
69529,0
36938,0
23137,0
36102,0
50743,0
11242,0
42805,0
73928,0
20383,0
23997,0
38910,0
34364,0
61665,0
478,0
56489,0
38986,0
18644,0
60101,0
23018,0
73035,0
35730,0
62782,0
49837,0
25330,0
43927,0
31716,0
58486,0
68524,0
34844,0
69642,0
74094,0
38556,0
20523,0
57634,0
28035,0
51789,0
71195,0
32024,0
8122,0
20585,0
37476,0
71111,0
50845,0
46279,0
66814,0
34562,0
49282,0
51614,0
42949,0
37913,0
24311,0
50844,0
3600,0
54652,0
59884,0
61826,0
64166,0
42650,0
55573,0
17244,0
32435,0
67676,0
26364,0
9368,0
34682,0
52953,0
9155,0
65419,0
49207,0
56769,0
12687,0
53386,0
23243,0
18673,0
20667,0
35911,0
61364,0
12992,0
43416,0
28296,0
53857,0
48019,0
41845,0
1703,0
57255,0
40539,0
44969,0
33308,0
2072,0
19754,0
9286,0
49326,0
28976,0
69171,0
12574,0
31296,0
22462,0
45755,0
27960,0
64724,0
66055,0
13963,0
48068,0
65518,0
15132,0
17547,0
67411,0
67736,0
58435,0
21301,0
18583,0
10409,0
46986,0
26281,0
21424,0
20775,0
32297,0
70764,0
17600,0
4429,0
30985,0
6790,0
61506,0
36493,0
4787,0
16514,0
28155,0
12793,0
63859,0
1726,0
55927,0
64267,0
51917,0
9186,0
72995,0
20867,0
3984,0
19359,0
33444,0
36621,0
42007,0
37964,0
1863,0
37167,0
29658,0
61963,0
51760,0
9593,0
6302,0
57149,0
4848,0
25975,0
17031,0
35554,0
36128,0
3139,0
44685,0
18193,0
26083,0
8039,0
2,0
5481,0
11842,0
44801,0
2851,0
13546,0
14499,0
45895,0
68067,0
36263,0
34711,0
51133,0
285,0
68430,0
61373,0
5408,0
43230,0
57723,0
35122,0
36904,0
16098,0
10745,0
43938,0
69660,0
61229,0
56581,0
49398,0
11166,0
69843,0
69043,0
48541,0
62435,0
35143,0
9500,0
3116,0
29998,0
45551,0
69704,0
33970,0
41602,0
20146,0
68127,0
10519,0
27889,0
69708,0
11590,0
72269,0
7426,0
12554,0
64532,0
52525,0
33963,0
48870,0
1797,0
67620,0
73532,0
51703,0
2175,0
54699,0
37623,0
9681,0
67378,0
36691,0
54246,0
17298,0
10069,0
18690,0
63143,0
26388,0
32855,0
45255,0
2482,0
48470,0
38667,0
164,0
73312,0
2664,0
20799,0
29822,0
53705,0
29653,0
35372,0
24267,0
19648,0
12389,0
54635,0
3039,0
35897,0
38619,0
46785,0
13230,0
68076,0
17948,0
10869,0
12140,0
59603,0
28939,0
33531,0
67728,0
37899,0
20421,0
58360,0
53307,0
52612,0
7058,0
6150,0
59185,0
12814,0
70877,0
25876,0
63649,0
54684,0
11432,0
29639,0
21895,0
23317,0
73863,0
67987,0
11901,0
25941,0
58888,0
21168,0
15091,0
35423,0
42017,0
31869,0
3502,0
36532,0
3970,0
17960,0
57148,0
9835,0
169,0
46206,0
40,0
32458,0
16097,0
26251,0
52519,0
54034,0
18761,0
69825,0
36802,0
41143,0
49620,0
20508,0
5308,0
19629,0
62116,0
11798,0
30866,0
73415,0
61292,0
64562,0
7338,0
40884,0
16609,0
47074,0
50430,0
11083,0
23561,0
9625,0
28141,0
15397,0
18228,0
30888,0
52439,0
34131,0
43024,0
54335,0
70073,0
66125,0
54977,0
6915,0
47075,0
56030,0
16207,0
33836,0
45452,0
63615,0
26550,0
6390,0
7691,0
42243,0
46393,0
55868,0
54794,0
43090,0
53360,0
39061,0
36366,0
60446,0
12580,0
45314,0
34615,0
47668,0
61737,0
70640,0
20320,0
41597,0
57596,0
57279,0
4139,0
15686,0
1362,0
4806,0
32045,0
5504,0
70002,0
58232,0
31871,0
7347,0
55094,0
53149,0
65854,0
35034,0
7310,0
2697,0
6032,0
32025,0
46336,0
57283,0
63014,0
38171,0
27954,0
70207,0
63933,0
5016,0
69772,0
60871,0
58082,0
1996,0
43580,0
42506,0
22172,0
8707,0
5679,0
54203,0
37591,0
38589,0
44930,0
6856,0
45154,0
58742,0
71172,0
42947,0
32558,0
57829,0
12375,0
27408,0
45183,0
41001,0
48115,0
20263,0
32814,0
59410,0
41145,0
53281,0
26843,0
64976,0
20293,0
71384,0
37163,0
43145,0
48897,0
64816,0
68029,0
70965,0
56972,0
38227,0
67130,0
40043,0
71680,0
34099,0
62524,0
7324,0
37036,0
63935,0
25646,0
7928,0
57039,0
28390,0
16819,0
13740,0
1532,0
10194,0
53471,0
63853,0
68287,0
5875,0
10231,0
2856,0
73971,0
32885,0
51148,0
58351,0
6793,0
27841,0
40654,0
6385,0
15635,0
6601,0
41527,0
31069,0
44992,0
15213,0
54728,0
68325,0
67456,0
21650,0
70333,0
17866,0
2111,0
27418,0
32257,0
64034,0
42532,0
36528,0
42300,0
9521,0
30714,0
11292,0
72328,0
12255,0
70114,0
69093,0
4650,0
36881,0
5134,0
55408,0
32667,0
51230,0
47921,0
838,0
6381,0
43272,0
63278,0
22754,0
6805,0
62367,0
41041,0
17892,0
20218,0
47601,0
71785,0
29000,0
39320,0
70395,0
46680,0
36035,0
13078,0
49338,0
66834,0
39215,0
19521,0
54698,0
69242,0
51086,0
57686,0
70579,0
61425,0
45854,0
20333,0
66714,0
13440,0
58314,0
10530,0
59001,0
67420,0
69892,0
42172,0
28403,0
48536,0
5908,0
44637,0
13302,0
64466,0
66256,0
61527,0
58350,0
31375,0
45922,0
47863,0
27348,0
73736,0
52058,0
48982,0
30350,0
44816,0
49644,0
3456,0
44206,0
44885,0
11528,0
16794,0
55162,0
59108,0
36568,0
3743,0
55905,0
27658,0
22887,0
6508,0
59926,0
11629,0
62813,0
29405,0
12178,0
1919,0
3639,0
62865,0
10857,0
73576,0
27641,0
41346,0
51396,0
8237,0
64260,0
47134,0
44906,0
45155,0
38465,0
69535,0
3014,0
66888,0
67005,0
42355,0
20284,0
63435,0
20888,0
8561,0
56237,0
69156,0
73149,0
49224,0
45514,0
51486,0
30740,0
22766,0
13457,0
65007,0
35407,0
60110,0
18638,0
62389,0
49912,0
50031,0
56785,0
24976,0
62030,0
30081,0
34597,0
37179,0
14909,0
28318,0
231,0
55235,0
998,0
65769,0
30406,0
12377,0
14805,0
66463,0
63819,0
21339,0
48831,0
63509,0
4684,0
26752,0
63861,0
39616,0
33658,0
17729,0
37069,0
32626,0
3889,0
47814,0
22642,0
24349,0
73718,0
3634,0
69214,0
66651,0
29085,0
40812,0
42771,0
40677,0
57752,0
65076,0
41762,0
50465,0
21793,0
1759,0
18273,0
14681,0
54557,0
57656,0
1528,0
67931,0
25616,0
44292,0
9358,0
65766,0
62877,0
68165,0
37525,0
36122,0
55673,0
66048,0
3900,0
72278,0
46693,0
15594,0
14548,0
45033,0
62016,0
53609,0
50671,0
34715,0
70988,0
27005,0
54521,0
12094,0
51420,0
8517,0
47776,0
5931,0
35006,0
10714,0
64615,0
8318,0
38485,0
11970,0
40522,0
49754,0
69525,0
35961,0
13203,0
23698,0
62837,0
25052,0
29125,0
41723,0
70325,0
55957,0
21423,0
21942,0
47438,0
32864,0
30837,0
2717,0
44783,0
15576,0
29357,0
52575,0
66777,0
7621,0
23813,0
72779,0
72253,0
39434,0
1227,0
19957,0
71071,0
2136,0
55251,0
7328,0
58317,0
2276,0
61710,0
60546,0
40011,0
24417,0
54464,0
13537,0
3170,0
6809,0
23172,0
58830,0
41071,0
13178,0
10057,0
52775,0
863,0
39336,0
64721,0
18503,0
55055,0
71657,0
43019,0
8352,0
48274,0
67699,0
38861,0
39031,0
45055,0
24165,0
16007,0
40057,0
20708,0
5478,0
38954,0
48487,0
25031,0
14752,0
69789,0
73180,0
21814,0
51512,0
10782,0
51565,0
55602,0
18236,0
63386,0
47876,0
50579,0
14489,0
39211,0
64493,0
54756,0
31150,0
54689,0
19642,0
17347,0
14855,0
51248,0
42405,0
16896,0
61413,0
34958,0
52081,0
30306,0
48349,0
36216,0
22990,0
58136,0
52371,0
14397,0
30718,0
44239,0
52030,0
49820,0
5959,0
30060,0
24379,0
64205,0
22631,0
42265,0
52622,0
54520,0
26368,0
8180,0
69395,0
70148,0
24780,0
70942,0
11914,0
14480,0
34797,0
31263,0
20918,0
38789,0
7305,0
59159,0
57135,0
28671,0
72204,0
38026,0
2106,0
68429,0
4166,0
61516,0
11006,0
8654,0
69556,0
34549,0
10640,0
70084,0
6502,0
46097,0
29350,0
6562,0
68056,0
24578,0
40794,0
14229,0
30878,0
46877,0
72686,0
49309,0
32616,0
14706,0
41324,0
61312,0
69291,0
31694,0
856,0
16922,0
39220,0
46808,0
31959,0
38204,0
40946,0
51426,0
23949,0
35262,0
68961,0
67225,0
18732,0
49974,0
73911,0
52245,0
36986,0
52865,0
25576,0
31910,0
24814,0
20791,0
57900,0
47928,0
68093,0
7950,0
49774,0
35748,0
68493,0
948,0
34820,0
40598,0
23481,0
23605,0
71871,0
57469,0
30552,0
71548,0
19841,0
11311,0
71334,0
72015,0
10344,0
31527,0
3993,0
64649,0
45166,0
65258,0
63301,0
65649,0
25039,0
13819,0
58290,0
1610,0
23699,0
32124,0
25468,0
46996,0
52253,0
12447,0
25006,0
25866,0
65123,0
41738,0
34217,0
61841,0
52606,0
39484,0
46117,0
5426,0
31347,0
7188,0
35962,0
41029,0
41073,0
20150,0
22986,0
28724,0
16214,0
53641,0
63634,0
5211,0
7234,0
20957,0
68736,0
25380,0
7153,0
41056,0
3559,0
4982,0
35596,0
67211,0
61814,0
6369,0
2713,0
42320,0
61319,0
47588,0
23614,0
24924,0
31163,0
23584,0
55044,0
33934,0
73912,0
27522,0
37078,0
63023,0
23624,0
57778,0
23091,0
7185,0
22724,0
37031,0
73188,0
59937,0
32517,0
5011,0
18167,0
53333,0
62100,0
60439,0
28170,0
36724,0
33649,0
61930,0
48180,0
67941,0
33828,0
31765,0
18569,0
73498,0
70410,0
22729,0
1986,0
6339,0
1841,0
46830,0
49698,0
55478,0
28992,0
36546,0
52493,0
35980,0
15409,0
48208,0
69935,0
5502,0
54640,0
27874,0
26831,0
57350,0
42858,0
69430,0
52502,0
21597,0
19847,0
52830,0
70838,0
12611,0
18996,0
68532,0
14070,0
40645,0
35718,0
24122,0
29534,0
72676,0
19361,0
10621,0
49591,0
23732,0
54596,0
51718,0
3582,0
12480,0
53229,0
70382,0
50922,0
37313,0
58241,0
73262,0
32128,0
47143,0
21623,0
51888,0
26344,0
28768,0
71277,0
45497,0
28356,0
54405,0
33230,0
54411,0
27685,0
65241,0
19432,0
37927,0
33343,0
68164,0
12654,0
73984,0
19161,0
34048,0
35333,0
71917,0
7032,0
5292,0
46725,0
5272,0
49038,0
44103,0
12906,0
72631,0
50548,0
33256,0
14943,0
65924,0
48927,0
14090,0
20219,0
48939,0
62467,0
23184,0
36393,0
50607,0
37030,0
32980,0
10197,0
32524,0
20550,0
65298,0
52173,0
65502,0
30860,0
8433,0
36485,0
18851,0
71061,0
67606,0
20240,0
54793,0
43396,0
62180,0
63606,0
15030,0
31286,0
7671,0
21897,0
26356,0
46826,0
28016,0
46892,0
28823,0
53527,0
2671,0
20297,0
11210,0
66385,0
41899,0
38038,0
16433,0
783,0
32975,0
19534,0
57258,0
36026,0
46369,0
73365,0
62582,0
36179,0
51748,0
67093,0
12623,0
3104,0
67212,0
20295,0
73894,0
36114,0
3072,0
50276,0
72930,0
55294,0
71064,0
65253,0
33491,0
56894,0
2569,0
14597,0
1972,0
38019,0
50182,0
63625,0
57599,0
56679,0
51558,0
41606,0
7003,0
4427,0
46462,0
49718,0
40587,0
41151,0
13016,0
62135,0
42808,0
70978,0
62795,0
24654,0
24298,0
26365,0
58535,0
41448,0
33626,0
53341,0
71772,0
66166,0
16829,0
70893,0
9324,0
53016,0
40000,0
43681,0
17025,0
68876,0
73420,0
15846,0
10960,0
57795,0
50603,0
40178,0
52549,0
36988,0
70407,0
4295,0
34178,0
19548,0
37799,0
20531,0
15567,0
51882,0
71624,0
47165,0
14916,0
19912,0
9476,0
55885,0
26065,0
63978,0
36759,0
11354,0
19972,0
60289,0
30457,0
20858,0
479,0
46023,0
65875,0
53440,0
16140,0
15791,0
73874,0
3061,0
14687,0
59713,0
23651,0
68431,0
55754,0
27388,0
58822,0
15469,0
14122,0
56913,0
57531,0
62468,0
69194,0
58395,0
52360,0
60260,0
15349,0
29187,0
15560,0
5207,0
26815,0
13651,0
52511,0
52503,0
35789,0
30583,0
64934,0
14010,0
68743,0
4398,0
4612,0
36429,0
70244,0
70006,0
41011,0
38830,0
60448,0
22048,0
34208,0
10654,0
5172,0
8451,0
23314,0
21433,0
29440,0
40410,0
27510,0
72493,0
58481,0
60429,0
16487,0
12283,0
17534,0
71816,0
51131,0
34691,0
57541,0
32889,0
35658,0
19200,0
10639,0
40713,0
41931,0
51833,0
45718,0
62934,0
30808,0
25216,0
18035,0
23252,0
18756,0
60326,0
39315,0
42558,0
34019,0
43050,0
23071,0
39868,0
14676,0
20270,0
32522,0
70144,0
31795,0
5558,0
25425,0
61613,0
43519,0
73390,0
34785,0
19042,0
6003,0
10935,0
55856,0
22910,0
62073,0
34687,0
27767,0
41221,0
12608,0
17038,0
17277,0
37600,0
1924,0
23658,0
21018,0
2846,0
29147,0
67901,0
60967,0
47181,0
73890,0
19881,0
39520,0
25138,0
52489,0
32212,0
637,0
14379,0
14694,0
47123,0
30137,0
42391,0
6035,0
70393,0
38321,0
17435,0
72390,0
57970,0
41267,0
27812,0
40172,0
45153,0
22227,0
59219,0
54771,0
19199,0
14569,0
27198,0
31591,0
43307,0
33417,0
70431,0
43436,0
12299,0
20779,0
17716,0
11121,0
16492,0
6231,0
31317,0
38331,0
32096,0
46581,0
60496,0
51623,0
51432,0
11192,0
59601,0
43159,0
60582,0
15180,0
2340,0
66160,0
59620,0
5906,0
72374,0
10435,0
1651,0
23924,0
13868,0
27400,0
69763,0
1226,0
6454,0
46537,0
67636,0
30646,0
65147,0
72207,0
42795,0
23966,0
47230,0
18887,0
8481,0
19010,0
21830,0
20414,0
70505,0
65750,0
235,0
19236,0
38330,0
2583,0
9025,0
52477,0
73999,0
48411,0
14547,0
53678,0
72120,0
42104,0
54222,0
46741,0
58963,0
41207,0
1053,0
21480,0
13920,0
28714,0
13453,0
59469,0
23383,0
70065,0
17710,0
22332,0
5175,0
64506,0
40894,0
70991,0
41598,0
2926,0
45371,0
58282,0
64019,0
84,0
59031,0
4147,0
64784,0
43686,0
70327,0
55222,0
12807,0
74080,0
2484,0
63265,0
64113,0
11458,0
4605,0
32040,0
46210,0
469,0
66882,0
14782,0
32378,0
43296,0
56829,0
56037,0
5998,0
7805,0
54740,0
8128,0
56732,0
5899,0
54290,0
54401,0
42980,0
45259,0
46457,0
26082,0
25915,0
61072,0
41574,0
66240,0
55665,0
22039,0
65812,0
12296,0
66198,0
31279,0
28928,0
6460,0
5153,0
19756,0
10283,0
58125,0
64232,0
37711,0
42442,0
38225,0
58124,0
45365,0
15157,0
11539,0
36687,0
19011,0
33964,0
63102,0
55596,0
59099,0
37953,0
34839,0
30657,0
12555,0
13520,0
66051,0
14335,0
49677,0
2501,0
71602,0
49799,0
52271,0
59571,0
61904,0
55327,0
35012,0
20810,0
43697,0
26040,0
33980,0
26875,0
29868,0
56851,0
16017,0
68405,0
11767,0
569,0
2756,0
2168,0
62888,0
19023,0
502,0
3280,0
13127,0
70524,0
2030,0
779,0
43973,0
52971,0
69321,0
50035,0
46995,0
6345,0
14109,0
24726,0
60632,0
17392,0
15095,0
49678,0
3651,0
60591,0
6513,0
72775,0
4121,0
35512,0
6705,0
73504,0
59576,0
63080,0
53525,0
36109,0
73968,0
74022,0
14169,0
67251,0
31617,0
44,0
31309,0
51610,0
25147,0
41010,0
69802,0
69864,0
25939,0
34522,0
1481,0
24570,0
66277,0
60588,0
24752,0
36940,0
18614,0
6117,0
19962,0
65800,0
22419,0
39882,0
50072,0
2554,0
37488,0
61340,0
25178,0
30883,0
28092,0
34838,0
8827,0
37387,0
47759,0
38352,0
39085,0
7031,0
41444,0
15222,0
10732,0
32396,0
55210,0
39262,0
2727,0
71297,0
20474,0
50222,0
67892,0
40098,0
448,0
22891,0
12463,0
34263,0
39620,0
52570,0
24506,0
22197,0
15807,0
41400,0
53509,0
20641,0
12685,0
53164,0
69389,0
61599,0
27078,0
26156,0
64421,0
15819,0
47424,0
29033,0
69408,0
60428,0
20878,0
27489,0
62853,0
10645,0
51612,0
44788,0
5594,0
66369,0
63513,0
38788,0
35774,0
10398,0
59311,0
73621,0
16570,0
60049,0
23270,0
6404,0
37421,0
36338,0
17575,0
46496,0
34921,0
68620,0
34696,0
56495,0
41818,0
25619,0
58665,0
39400,0
38748,0
14116,0
46784,0
71187,0
70636,0
67746,0
10308,0
70803,0
65355,0
44102,0
51712,0
72600,0
22406,0
11412,0
9446,0
60826,0
6571,0
47038,0
48410,0
51253,0
45938,0
60444,0
21143,0
59613,0
51329,0
9403,0
5711,0
53497,0
16906,0
18588,0
31626,0
55923,0
42976,0
35977,0
18562,0
27725,0
31849,0
71207,0
58498,0
68088,0
6960,0
2729,0
73087,0
28255,0
61736,0
65860,0
42607,0
12041,0
19636,0
23095,0
8000,0
45518,0
70706,0
43564,0
28213,0
60318,0
40569,0
14538,0
67460,0
42396,0
57143,0
27862,0
60254,0
14663,0
44180,0
71532,0
46151,0
46510,0
57718,0
59798,0
4188,0
5860,0
71931,0
27379,0
9916,0
43455,0
21943,0
32372,0
55866,0
25830,0
22040,0
38280,0
10339,0
50047,0
65975,0
59927,0
19650,0
38656,0
18601,0
71982,0
32213,0
30411,0
43921,0
5412,0
15415,0
39990,0
811,0
23808,0
55969,0
70107,0
72954,0
62884,0
53782,0
11065,0
36449,0
18114,0
44678,0
21670,0
56442,0
62525,0
22951,0
32916,0
51030,0
13356,0
72384,0
16962,0
17225,0
19558,0
19353,0
3215,0
57223,0
3140,0
58308,0
10037,0
46590,0
55032,0
42998,0
25230,0
38469,0
33325,0
2629,0
47626,0
29716,0
6553,0
41209,0
12244,0
42915,0
19753,0
65082,0
65585,0
276,0
56603,0
55237,0
14125,0
66522,0
41761,0
64294,0
10724,0
36501,0
73207,0
34739,0
40958,0
40314,0
73714,0
66992,0
22913,0
71777,0
5638,0
11442,0
27427,0
40917,0
53665,0
72656,0
8532,0
39355,0
17943,0
53518,0
23999,0
67146,0
71046,0
22518,0
72860,0
16074,0
44881,0
12153,0
35186,0
3711,0
30097,0
59812,0
112,0
31940,0
32422,0
31826,0
22610,0
43009,0
24136,0
31368,0
22538,0
5781,0
68235,0
71419,0
30684,0
35005,0
57032,0
23665,0
5212,0
28052,0
34750,0
62681,0
20849,0
18393,0
11793,0
36251,0
31128,0
15427,0
32604,0
16469,0
52589,0
68425,0
16342,0
3938,0
32931,0
55322,0
9828,0
58218,0
16286,0
15323,0
21137,0
49701,0
59517,0
40050,0
65733,0
64935,0
67350,0
2368,0
52774,0
37944,0
57546,0
20679,0
64379,0
69638,0
29544,0
31815,0
13410,0
16725,0
68238,0
38411,0
45649,0
30682,0
57504,0
28299,0
8396,0
68756,0
38524,0
69705,0
61082,0
12367,0
27027,0
73395,0
30535,0
46538,0
26809,0
24108,0
45136,0
17845,0
22454,0
71457,0
5866,0
49593,0
44910,0
13972,0
44218,0
5530,0
22057,0
73855,0
24940,0
5322,0
72777,0
46225,0
32919,0
47969,0
53185,0
16597,0
26496,0
45001,0
14449,0
66159,0
55638,0
32566,0
61339,0
41268,0
61923,0
67855,0
17350,0
13162,0
26450,0
30846,0
60158,0
13786,0
17883,0
24179,0
29188,0
6237,0
70573,0
45995,0
42284,0
62625,0
18716,0
34999,0
29485,0
73851,0
23258,0
6879,0
63594,0
39787,0
58950,0
55225,0
49438,0
57388,0
1593,0
56919,0
44857,0
40897,0
7484,0
69144,0
46906,0
48943,0
44853,0
30390,0
66727,0
10545,0
33814,0
34810,0
55385,0
55474,0
28394,0
63972,0
45734,0
48892,0
36509,0
62659,0
52546,0
46712,0
8077,0
51985,0
25530,0
24560,0
38430,0
5537,0
17690,0
20034,0
64381,0
27811,0
16795,0
59923,0
25261,0
50997,0
41854,0
61875,0
69318,0
31642,0
41244,0
53612,0
63989,0
54075,0
32698,0
72706,0
46885,0
35586,0
28750,0
31703,0
73224,0
21570,0
18468,0
19789,0
20109,0
8708,0
45756,0
56406,0
17424,0
8826,0
52430,0
40939,0
1975,0
9863,0
53667,0
23230,0
59675,0
7548,0
58211,0
35241,0
22447,0
21689,0
36809,0
33939,0
46908,0
6831,0
9639,0
27345,0
23781,0
55954,0
26817,0
57730,0
13185,0
49903,0
55672,0
14362,0
2008,0
47729,0
2604,0
55111,0
70400,0
46186,0
65961,0
66640,0
58884,0
65911,0
26304,0
66678,0
5070,0
49905,0
61459,0
12443,0
69677,0
4723,0
1242,0
7406,0
7945,0
70136,0
70297,0
25837,0
1608,0
19652,0
55307,0
29152,0
61767,0
61721,0
13097,0
13618,0
17468,0
57454,0
73946,0
29776,0
13641,0
5499,0
29354,0
35466,0
55049,0
68292,0
42394,0
7942,0
53861,0
10464,0
46558,0
41449,0
8533,0
57568,0
30170,0
41567,0
744,0
46653,0
64000,0
46887,0
23087,0
47946,0
65053,0
37577,0
70743,0
17376,0
9575,0
21909,0
46183,0
6734,0
40481,0
26336,0
24703,0
64241,0
45037,0
33710,0
22829,0
31117,0
40686,0
8894,0
6323,0
61486,0
18834,0
7492,0
26858,0
50786,0
64064,0
55077,0
14661,0
1964,0
18789,0
63172,0
69991,0
25017,0
4527,0
72260,0
67823,0
41534,0
63832,0
62413,0
25366,0
63347,0
65971,0
43640,0
56993,0
17797,0
57955,0
26359,0
68818,0
58817,0
49376,0
41910,0
41524,0
16290,0
18143,0
62711,0
35038,0
68886,0
69437,0
56691,0
53008,0
5680,0
53235,0
48571,0
39247,0
325,0
13075,0
34384,0
29389,0
69691,0
38750,0
47987,0
50962,0
2617,0
54856,0
53216,0
54394,0
18422,0
46090,0
66203,0
57615,0
56202,0
69069,0
60494,0
55828,0
39886,0
49816,0
47979,0
69305,0
15879,0
5580,0
58876,0
34583,0
48503,0
22635,0
70638,0
56178,0
10743,0
51408,0
5191,0
7889,0
25183,0
54282,0
50727,0
46704,0
65978,0
12551,0
1790,0
11763,0
70319,0
27319,0
16032,0
37703,0
3406,0
53590,0
47238,0
3714,0
64675,0
49769,0
22287,0
24901,0
13324,0
16807,0
22053,0
26164,0
25765,0
64069,0
60387,0
62949,0
73918,0
42892,0
50609,0
21435,0
58209,0
7610,0
41688,0
33370,0
63289,0
22993,0
38683,0
14927,0
29901,0
11331,0
20543,0
33177,0
27158,0
2404,0
59933,0
47429,0
16066,0
20487,0
48004,0
11445,0
37052,0
72976,0
33456,0
58459,0
29708,0
59395,0
48081,0
55522,0
17136,0
60955,0
16744,0
8855,0
33793,0
20584,0
22257,0
7163,0
30284,0
27943,0
43414,0
37731,0
18198,0
57200,0
52412,0
44009,0
65995,0
68825,0
57209,0
824,0
45432,0
8591,0
16067,0
14960,0
26577,0
53851,0
1870,0
38921,0
30970,0
49826,0
2590,0
12994,0
17319,0
38772,0
56848,0
24008,0
62069,0
67069,0
197,0
56225,0
68945,0
72660,0
36901,0
59312,0
20568,0
70964,0
54705,0
10359,0
57661,0
48303,0
72119,0
30434,0
44341,0
21996,0
46292,0
21036,0
14238,0
3068,0
56287,0
50137,0
23560,0
31588,0
22577,0
3397,0
776,0
28487,0
9072,0
50784,0
73346,0
62610,0
48848,0
39432,0
72306,0
36731,0
2422,0
1124,0
22528,0
4187,0
28963,0
831,0
34506,0
44039,0
474,0
31146,0
70507,0
3873,0
72348,0
2689,0
43125,0
55840,0
53862,0
16042,0
10015,0
40901,0
66020,0
36482,0
10773,0
67663,0
34284,0
45504,0
69621,0
23941,0
7657,0
48544,0
28185,0
37202,0
23815,0
4817,0
41301,0
21377,0
64284,0
59644,0
36771,0
29193,0
11771,0
11333,0
59907,0
69478,0
65853,0
25615,0
46458,0
44226,0
69619,0
13639,0
64222,0
43486,0
518,0
15800,0
44970,0
31900,0
58812,0
43168,0
14387,0
28820,0
68844,0
21602,0
16252,0
29568,0
73032,0
37593,0
56319,0
16213,0
51053,0
13257,0
38635,0
59767,0
58892,0
17179,0
54277,0
51082,0
11428,0
43282,0
66135,0
53786,0
11720,0
58143,0
71099,0
33975,0
21365,0
61927,0
58325,0
56942,0
14775,0
9779,0
23136,0
4669,0
58750,0
42370,0
21417,0
40656,0
10165,0
49558,0
9238,0
16421,0
5033,0
23546,0
43834,0
63763,0
15895,0
6534,0
12131,0
55851,0
48912,0
12658,0
51816,0
29331,0
54008,0
6884,0
46314,0
22110,0
50850,0
16695,0
9033,0
62924,0
49749,0
50111,0
6429,0
9173,0
31828,0
54441,0
73719,0
52662,0
12271,0
58422,0
16535,0
23717,0
4679,0
20954,0
46282,0
63392,0
73105,0
29280,0
11542,0
5525,0
48248,0
25787,0
66987,0
39974,0
64572,0
66981,0
53434,0
988,0
48800,0
40814,0
30019,0
18812,0
55232,0
70052,0
54773,0
55499,0
53132,0
17816,0
61189,0
23223,0
61044,0
6825,0
56595,0
25705,0
28648,0
69226,0
24074,0
3363,0
20838,0
15980,0
5128,0
72713,0
17351,0
30927,0
27443,0
16472,0
1590,0
65863,0
7626,0
46668,0
7050,0
6784,0
10757,0
8706,0
60909,0
9711,0
31693,0
44475,0
55040,0
842,0
35997,0
26363,0
72816,0
5554,0
42064,0
29149,0
53027,0
52234,0
37226,0
1192,0
57819,0
39866,0
7784,0
34413,0
6567,0
44762,0
12344,0
48022,0
26911,0
19621,0
8095,0
45,0
62787,0
52308,0
35432,0
61169,0
36682,0
3348,0
25373,0
34625,0
45507,0
16295,0
57172,0
59454,0
71640,0
31811,0
29622,0
58344,0
33419,0
65275,0
56783,0
73530,0
25801,0
50739,0
73616,0
2829,0
8726,0
58836,0
38583,0
9915,0
7069,0
41947,0
64954,0
73502,0
49821,0
50654,0
70530,0
47313,0
12656,0
64185,0
71852,0
24467,0
53213,0
53607,0
19878,0
17214,0
30274,0
62263,0
45431,0
33495,0
37128,0
19232,0
46727,0
69417,0
3972,0
56507,0
56439,0
73845,0
29834,0
12787,0
3734,0
8581,0
29165,0
46526,0
46298,0
62313,0
67031,0
12579,0
56527,0
5370,0
33520,0
14323,0
34148,0
59536,0
52932,0
55081,0
9489,0
68753,0
44744,0
42034,0
27437,0
71681,0
42953,0
41409,0
4702,0
33008,0
28214,0
70824,0
25046,0
31310,0
23770,0
50100,0
25267,0
22339,0
63979,0
30369,0
58339,0
48154,0
24188,0
38584,0
18516,0
39530,0
71775,0
7412,0
57676,0
62009,0
36142,0
18117,0
26583,0
40577,0
20798,0
68139,0
4824,0
33973,0
71618,0
47279,0
54166,0
35184,0
28807,0
73889,0
40716,0
68899,0
55201,0
18436,0
11550,0
43026,0
43142,0
38774,0
65552,0
24818,0
31655,0
54147,0
17974,0
47471,0
66998,0
42674,0
59871,0
10575,0
43248,0
36650,0
47396,0
3826,0
31483,0
47476,0
54714,0
31098,0
16169,0
22968,0
24335,0
72672,0
37404,0
11233,0
63317,0
3169,0
823,0
49096,0
15460,0
37921,0
14736,0
39799,0
37185,0
44045,0
7128,0
28043,0
55955,0
39071,0
61692,0
56217,0
65443,0
8989,0
4399,0
6545,0
11067,0
63307,0
49380,0
1659,0
3698,0
26237,0
38084,0
64727,0
34386,0
22327,0
25745,0
41640,0
68394,0
45881,0
56630,0
30727,0
26609,0
41544,0
24348,0
41545,0
32569,0
45460,0
72597,0
68666,0
61355,0
5996,0
27167,0
38539,0
22487,0
64620,0
19895,0
16003,0
2748,0
40071,0
47369,0
27925,0
15671,0
72963,0
62483,0
47272,0
22266,0
8223,0
6716,0
46873,0
31740,0
67029,0
1145,0
35475,0
9860,0
61560,0
39149,0
37648,0
16694,0
39631,0
52216,0
49899,0
56747,0
56969,0
13845,0
57871,0
46788,0
6842,0
68496,0
43331,0
51063,0
19477,0
55115,0
13673,0
6612,0
47449,0
47633,0
11069,0
58234,0
9824,0
45808,0
51214,0
51444,0
2683,0
56379,0
17249,0
30836,0
54624,0
56043,0
5333,0
56957,0
49934,0
4492,0
26402,0
68685,0
4873,0
43707,0
10384,0
25348,0
46520,0
9230,0
36484,0
37091,0
47517,0
28825,0
15946,0
72548,0
11703,0
41005,0
67438,0
2240,0
44042,0
53575,0
44480,0
40189,0
51203,0
14784,0
37995,0
37115,0
64719,0
8722,0
54323,0
21009,0
18640,0
68611,0
2901,0
9265,0
71074,0
72558,0
38615,0
4382,0
55358,0
7415,0
12984,0
5565,0
34771,0
72011,0
30707,0
14546,0
47554,0
32934,0
22613,0
27216,0
61126,0
43370,0
11007,0
60946,0
35564,0
33699,0
24521,0
44068,0
46926,0
25142,0
29661,0
24018,0
67938,0
13755,0
55614,0
19467,0
18794,0
380,0
46706,0
45101,0
31476,0
15353,0
18136,0
51251,0
46684,0
3997,0
53774,0
66667,0
29158,0
5645,0
52782,0
26342,0
21333,0
67984,0
30423,0
42975,0
52580,0
17612,0
45834,0
27112,0
34306,0
3098,0
16143,0
30012,0
28534,0
40773,0
58457,0
44331,0
30223,0
44555,0
61609,0
25270,0
22755,0
32805,0
47553,0
14952,0
53751,0
9499,0
11909,0
7483,0
72160,0
72819,0
14222,0
33716,0
56819,0
57846,0
153,0
5961,0
28703,0
57401,0
43712,0
62688,0
20963,0
36100,0
34316,0
48228,0
49594,0
46832,0
24475,0
3447,0
38681,0
31249,0
64514,0
71878,0
38807,0
33541,0
39042,0
3589,0
18772,0
24691,0
53512,0
47855,0
64442,0
2571,0
25535,0
30059,0
40130,0
56272,0
37673,0
51168,0
31046,0
49021,0
21704,0
48094,0
17497,0
4687,0
56325,0
58795,0
656,0
2266,0
67647,0
39180,0
72161,0
47101,0
27068,0
16595,0
37813,0
38161,0
40537,0
60037,0
39396,0
23212,0
48602,0
46751,0
32138,0
63203,0
42888,0
34271,0
52218,0
17312,0
43249,0
19579,0
36278,0
24640,0
5943,0
24813,0
43150,0
30813,0
41342,0
51009,0
48409,0
40493,0
13082,0
73881,0
37471,0
51860,0
15119,0
53813,0
47951,0
47656,0
8169,0
57879,0
62089,0
56988,0
15454,0
73626,0
69276,0
61827,0
35829,0
68271,0
23430,0
33960,0
14232,0
41641,0
48016,0
43441,0
19963,0
40307,0
35415,0
64491,0
43968,0
37160,0
61023,0
59466,0
48237,0
57868,0
67597,0
17390,0
45265,0
53192,0
72622,0
11112,0
21282,0
37886,0
51704,0
40019,0
12927,0
8454,0
51413,0
10883,0
21050,0
53819,0
23816,0
71647,0
28544,0
18803,0
54006,0
36814,0
6472,0
59254,0
48284,0
8358,0
1786,0
34721,0
48229,0
52354,0
15431,0
18894,0
4379,0
24341,0
65071,0
32398,0
21739,0
10126,0
28927,0
35974,0
10210,0
46260,0
73000,0
9311,0
860,0
71182,0
27553,0
49717,0
48842,0
63225,0
32557,0
61090,0
71319,0
67928,0
70122,0
16432,0
16157,0
22494,0
31480,0
2069,0
35770,0
41672,0
26975,0
38426,0
27075,0
21888,0
27180,0
56201,0
29921,0
12521,0
60226,0
35687,0
45581,0
16315,0
62017,0
57222,0
71590,0
26542,0
73161,0
14972,0
70029,0
29232,0
14102,0
6108,0
58095,0
38279,0
41213,0
63025,0
26906,0
53414,0
31970,0
23550,0
13950,0
2344,0
13792,0
39947,0
48572,0
61237,0
72370,0
21476,0
7126,0
46988,0
34651,0
17947,0
6378,0
52633,0
6387,0
64444,0
40678,0
67249,0
20815,0
52079,0
15905,0
62443,0
1179,0
54488,0
64516,0
47329,0
48700,0
47860,0
53888,0
20729,0
14242,0
73265,0
35125,0
10304,0
72308,0
60128,0
74243,0
7284,0
29100,0
65402,0
64249,0
20530,0
24520,0
50275,0
71934,0
32377,0
29528,0
14600,0
73625,0
36312,0
60292,0
73347,0
28143,0
1531,0
74070,0
40097,0
2176,0
16413,0
43933,0
14789,0
58071,0
37619,0
33290,0
63139,0
41124,0
16772,0
26813,0
62324,0
38023,0
38896,0
25524,0
47065,0
2948,0
23786,0
22834,0
37576,0
68396,0
60080,0
24721,0
71826,0
27721,0
51800,0
30626,0
25180,0
63967,0
62042,0
10441,0
52849,0
58740,0
69814,0
59163,0
35538,0
804,0
6423,0
38703,0
3729,0
19677,0
64141,0
6009,0
17345,0
27890,0
52833,0
25918,0
62434,0
43833,0
10956,0
29536,0
14844,0
68582,0
36954,0
10097,0
61731,0
43102,0
4762,0
56620,0
54656,0
42348,0
54112,0
54929,0
66037,0
47368,0
3277,0
52031,0
32607,0
9725,0
55784,0
10381,0
13984,0
8053,0
73073,0
21775,0
66984,0
61901,0
10756,0
71594,0
1709,0
48916,0
67448,0
7122,0
53087,0
66355,0
60940,0
36931,0
47796,0
34677,0
70924,0
48239,0
29628,0
3049,0
27082,0
19248,0
3774,0
10270,0
44203,0
45622,0
19174,0
8110,0
26534,0
69200,0
69799,0
73847,0
68097,0
33144,0
58578,0
11810,0
64245,0
19346,0
26182,0
454,0
10707,0
68234,0
29468,0
58948,0
40395,0
3896,0
53873,0
57084,0
71911,0
37080,0
63067,0
35542,0
53910,0
41178,0
37306,0
13009,0
65556,0
62053,0
13227,0
17828,0
2558,0
24717,0
47624,0
7682,0
73109,0
9658,0
29829,0
74150,0
71489,0
15356,0
21401,0
11653,0
35544,0
29545,0
53485,0
57487,0
47479,0
17900,0
43738,0
32745,0
64656,0
47383,0
67790,0
5081,0
10890,0
27486,0
72837,0
45863,0
46420,0
25940,0
54539,0
72940,0
36272,0
66878,0
40117,0
44369,0
8621,0
53930,0
58142,0
43651,0
70821,0
38770,0
41447,0
12250,0
45675,0
16205,0
70,0
55059,0
72909,0
16729,0
48893,0
18553,0
12744,0
15,0
37364,0
51048,0
42977,0
5497,0
22612,0
13560,0
41330,0
31395,0
28777,0
58266,0
6660,0
43197,0
4930,0
21551,0
12525,0
28139,0
68329,0
32720,0
50176,0
28709,0
53690,0
11245,0
17104,0
57950,0
42194,0
30123,0
62191,0
50071,0
61383,0
19315,0
28848,0
70598,0
42086,0
23311,0
6122,0
41117,0
10092,0
48669,0
1495,0
50538,0
2450,0
4310,0
25201,0
12652,0
8086,0
4656,0
43003,0
23233,0
48441,0
66096,0
38743,0
27128,0
56609,0
50258,0
73669,0
25218,0
64984,0
12356,0
8219,0
23367,0
50724,0
22733,0
39353,0
52424,0
47450,0
2634,0
38505,0
40862,0
49433,0
32437,0
71362,0
69541,0
22492,0
66351,0
18985,0
72099,0
72829,0
64865,0
1900,0
21933,0
9193,0
66040,0
57733,0
53266,0
30799,0
54011,0
59766,0
25324,0
54264,0
5763,0
24627,0
26584,0
55944,0
6670,0
67386,0
65377,0
19153,0
53336,0
63818,0
41993,0
25377,0
41949,0
67197,0
71664,0
21292,0
14496,0
45769,0
1959,0
64929,0
7307,0
20380,0
61433,0
2205,0
30138,0
53990,0
20512,0
69220,0
71921,0
6750,0
30647,0
53140,0
65607,0
1698,0
28755,0
1898,0
60248,0
31677,0
74247,0
71383,0
23750,0
28199,0
26131,0
6846,0
41716,0
25251,0
63031,0
48100,0
44840,0
9341,0
35168,0
43631,0
47852,0
26023,0
26698,0
35723,0
65788,0
39737,0
39983,0
11173,0
43452,0
70859,0
41484,0
26523,0
23697,0
69483,0
64981,0
60996,0
74035,0
11992,0
26115,0
24704,0
56380,0
978,0
46961,0
3219,0
53749,0
44338,0
14977,0
34407,0
42645,0
33478,0
58926,0
54841,0
27605,0
13000,0
27536,0
66231,0
8498,0
53385,0
39566,0
62548,0
73818,0
28585,0
48017,0
55525,0
27675,0
59857,0
25370,0
20469,0
48215,0
13935,0
46058,0
47542,0
42420,0
7771,0
24586,0
31302,0
64990,0
60346,0
50633,0
55125,0
5698,0
43086,0
59748,0
40188,0
59464,0
15127,0
19518,0
53923,0
56538,0
15231,0
49854,0
26154,0
68985,0
60006,0
65116,0
17121,0
10135,0
22886,0
35226,0
15586,0
33730,0
48895,0
53707,0
719,0
12408,0
16733,0
56293,0
41589,0
47976,0
38529,0
64860,0
57716,0
41339,0
10907,0
67747,0
38879,0
38536,0
4800,0
61945,0
12835,0
8791,0
73159,0
60634,0
62850,0
31028,0
44138,0
18124,0
57099,0
36739,0
34919,0
51071,0
19499,0
60938,0
50204,0
47151,0
60997,0
12071,0
59188,0
19504,0
64455,0
56822,0
49898,0
25177,0
48069,0
62698,0
45912,0
68631,0
34186,0
57284,0
1353,0
29409,0
30425,0
24167,0
11900,0
68005,0
53863,0
18048,0
8258,0
55171,0
48707,0
10991,0
34974,0
26261,0
64348,0
35653,0
56445,0
25656,0
72268,0
2676,0
13708,0
72145,0
69234,0
72857,0
42672,0
1068,0
29259,0
22135,0
74236,0
60474,0
25720,0
37586,0
23737,0
45348,0
44580,0
8255,0
987,0
64561,0
15142,0
24568,0
26337,0
45839,0
4644,0
51405,0
2309,0
79,0
19310,0
13391,0
63382,0
37100,0
57815,0
26318,0
39999,0
6370,0
18664,0
66176,0
28871,0
58197,0
45477,0
59838,0
26059,0
65204,0
67190,0
41950,0
67574,0
32833,0
53048,0
14793,0
28835,0
22311,0
34700,0
33530,0
2945,0
68619,0
26139,0
35689,0
25065,0
52288,0
9503,0
45888,0
6052,0
44425,0
48395,0
34026,0
61614,0
63770,0
25459,0
36510,0
67841,0
17713,0
45764,0
60360,0
33356,0
36058,0
38361,0
36614,0
6518,0
51938,0
40299,0
15230,0
65827,0
26295,0
7931,0
7943,0
63171,0
47069,0
2509,0
4786,0
63684,0
42006,0
72438,0
41623,0
23501,0
35641,0
42477,0
29707,0
20254,0
52607,0
29378,0
5420,0
37067,0
26400,0
62193,0
19639,0
66285,0
26834,0
69103,0
24914,0
3168,0
7252,0
30530,0
45231,0
64142,0
2850,0
22160,0
47701,0
52771,0
41851,0
30712,0
38295,0
61539,0
64997,0
2024,0
13992,0
31120,0
19961,0
74246,0
73932,0
27496,0
31484,0
40206,0
28478,0
65808,0
34935,0
37891,0
21048,0
71465,0
54180,0
27565,0
31845,0
33474,0
41575,0
26526,0
9800,0
10615,0
22362,0
511,0
50944,0
39739,0
16611,0
28532,0
7356,0
69513,0
34848,0
33873,0
29577,0
53374,0
73237,0
43759,0
36244,0
2432,0
58055,0
19538,0
12075,0
19617,0
65779,0
6441,0
44148,0
56762,0
30317,0
46678,0
51311,0
72977,0
65125,0
63249,0
60078,0
9077,0
70891,0
31011,0
4138,0
19630,0
4726,0
26428,0
30668,0
49445,0
31895,0
6093,0
14505,0
19919,0
18192,0
50823,0
49004,0
740,0
70583,0
48524,0
32577,0
31208,0
9918,0
16496,0
26547,0
53967,0
34897,0
25437,0
36270,0
29874,0
65681,0
5291,0
32786,0
12741,0
44375,0
6280,0
38404,0
8111,0
56837,0
29985,0
54610,0
55871,0
44838,0
34561,0
53495,0
28061,0
66171,0
70510,0
27456,0
27336,0
6994,0
49344,0
6296,0
55451,0
55649,0
73720,0
44917,0
5745,0
67401,0
55990,0
57687,0
73917,0
2110,0
26669,0
72692,0
9542,0
52785,0
71444,0
64671,0
20836,0
28507,0
14567,0
67424,0
25067,0
22450,0
67680,0
5859,0
15135,0
11622,0
47698,0
67847,0
29689,0
5549,0
44697,0
46438,0
25094,0
19811,0
23135,0
43100,0
28931,0
15894,0
6253,0
33366,0
54556,0
35315,0
70748,0
4902,0
49833,0
19041,0
38791,0
3299,0
42046,0
31786,0
8075,0
40207,0
51866,0
30024,0
71202,0
34613,0
34872,0
55368,0
71292,0
11148,0
44447,0
72304,0
6457,0
72876,0
27492,0
20894,0
36633,0
48495,0
25713,0
49143,0
14121,0
52588,0
24087,0
53531,0
26951,0
28685,0
767,0
43605,0
31652,0
60741,0
22805,0
7220,0
18281,0
47274,0
59339,0
20834,0
7678,0
42444,0
5774,0
32686,0
13977,0
2334,0
30415,0
9696,0
31558,0
8833,0
24016,0
61844,0
54469,0
57263,0
30881,0
23612,0
59849,0
8248,0
35833,0
50317,0
16341,0
22377,0
15536,0
32564,0
27773,0
64676,0
4174,0
806,0
17560,0
11580,0
47845,0
49298,0
54871,0
36734,0
12976,0
35949,0
67434,0
43374,0
24602,0
54283,0
62249,0
27299,0
71861,0
13406,0
24675,0
27726,0
59507,0
17674,0
26737,0
15110,0
44461,0
32669,0
51595,0
19255,0
9051,0
68782,0
23954,0
50160,0
32540,0
11484,0
11673,0
49026,0
37902,0
40167,0
32279,0
36415,0
52007,0
30667,0
2471,0
5748,0
16195,0
69090,0
32318,0
40578,0
20826,0
12958,0
21938,0
43895,0
15289,0
64238,0
36688,0
65036,0
43586,0
39273,0
15137,0
55693,0
7884,0
70794,0
54434,0
73813,0
34105,0
43955,0
15329,0
5798,0
16759,0
64575,0
62684,0
42133,0
12870,0
25341,0
9206,0
26697,0
23357,0
70138,0
59397,0
23521,0
39726,0
31645,0
41481,0
65090,0
61547,0
16190,0
22840,0
36446,0
49054,0
43386,0
43627,0
62285,0
52706,0
58168,0
45169,0
52434,0
42468,0
26800,0
59906,0
13195,0
61315,0
22921,0
38686,0
65588,0
732,0
71757,0
10847,0
74146,0
14104,0
541,0
44088,0
25255,0
61961,0
36518,0
62027,0
29445,0
6498,0
442,0
48122,0
24495,0
56196,0
65698,0
7860,0
3752,0
25987,0
8842,0
25951,0
13949,0
26433,0
14478,0
63313,0
485,0
13085,0
59268,0
56151,0
33188,0
72236,0
51826,0
13149,0
35238,0
60857,0
45301,0
12273,0
38287,0
9183,0
3386,0
48754,0
50632,0
52438,0
37874,0
38197,0
29972,0
37794,0
21657,0
44549,0
2763,0
25983,0
7007,0
8690,0
11965,0
59124,0
39408,0
16852,0
50066,0
42903,0
73088,0
54230,0
65043,0
20306,0
23687,0
24647,0
39237,0
15731,0
70419,0
13202,0
8203,0
39906,0
25071,0
70164,0
11727,0
15934,0
12348,0
19941,0
71912,0
4081,0
7067,0
28280,0
30474,0
2703,0
58542,0
64714,0
70522,0
46819,0
60375,0
20579,0
2594,0
65367,0
7858,0
2574,0
25614,0
63244,0
5264,0
6355,0
11757,0
70912,0
61031,0
45511,0
71312,0
71033,0
73800,0
55730,0
26418,0
62800,0
26443,0
46440,0
1622,0
47718,0
39712,0
26283,0
67006,0
67802,0
63231,0
10602,0
20973,0
31717,0
33084,0
59822,0
15250,0
26688,0
66409,0
13020,0
45835,0
4343,0
10477,0
73186,0
4582,0
46325,0
9382,0
69781,0
6760,0
16602,0
54280,0
24825,0
32782,0
73595,0
58684,0
42451,0
36422,0
14542,0
45549,0
44848,0
20322,0
13623,0
26661,0
27149,0
14225,0
40391,0
2215,0
19498,0
19969,0
68812,0
70830,0
7368,0
38809,0
8515,0
45503,0
34279,0
8076,0
50441,0
62942,0
71290,0
24944,0
46138,0
65732,0
51299,0
30643,0
48181,0
36018,0
45898,0
20546,0
12376,0
46991,0
61866,0
15710,0
2766,0
19713,0
54429,0
25365,0
40666,0
25042,0
67590,0
57020,0
43189,0
43275,0
1012,0
30619,0
31933,0
25886,0
18907,0
59955,0
14859,0
28440,0
9308,0
12314,0
39907,0
20902,0
12162,0
53487,0
71411,0
13541,0
50007,0
15190,0
67539,0
26775,0
21053,0
53868,0
15331,0
64720,0
72102,0
27761,0
37107,0
12123,0
57666,0
64080,0
38434,0
21779,0
68121,0
29455,0
42538,0
9414,0
44178,0
33382,0
2292,0
48079,0
54724,0
9149,0
64582,0
7915,0
50178,0
27830,0
16855,0
5988,0
53988,0
50301,0
21367,0
12266,0
57727,0
34526,0
16385,0
7819,0
70592,0
6050,0
41911,0
53691,0
53533,0
45170,0
40293,0
63279,0
6519,0
26321,0
61691,0
60878,0
55096,0
70187,0
71136,0
42995,0
16746,0
30196,0
25274,0
2405,0
1237,0
61610,0
54083,0
1011,0
66655,0
6029,0
36545,0
44450,0
64513,0
71250,0
19967,0
6209,0
34753,0
64425,0
45858,0
9513,0
24022,0
36755,0
68039,0
6215,0
31222,0
29432,0
37038,0
23536,0
16325,0
23782,0
27063,0
6267,0
38725,0
14421,0
15458,0
9495,0
19410,0
47699,0
24019,0
24047,0
47431,0
51262,0
42597,0
21934,0
49161,0
20642,0
40181,0
55330,0
53279,0
16144,0
45157,0
25336,0
69914,0
18388,0
63402,0
72044,0
31982,0
7908,0
70235,0
9693,0
48525,0
1438,0
3514,0
72149,0
67771,0
72423,0
69722,0
59947,0
64399,0
10748,0
45696,0
5552,0
54105,0
64812,0
40811,0
71131,0
3001,0
25283,0
21380,0
56736,0
42666,0
73058,0
2300,0
17356,0
10718,0
61943,0
65291,0
7764,0
35450,0
36946,0
23307,0
35507,0
2439,0
43993,0
47144,0
60208,0
48955,0
40119,0
19215,0
36555,0
5515,0
19805,0
34610,0
42761,0
72614,0
5783,0
58461,0
73565,0
29989,0
62936,0
26763,0
54782,0
38088,0
15642,0
844,0
24683,0
32066,0
7093,0
26879,0
32283,0
70790,0
56717,0
19699,0
69223,0
33015,0
55967,0
37957,0
21590,0
6251,0
58550,0
393,0
74016,0
60862,0
1907,0
44022,0
17683,0
44048,0
56198,0
19335,0
46898,0
37653,0
24665,0
73048,0
70934,0
38440,0
23709,0
23593,0
18708,0
54251,0
72331,0
45890,0
57093,0
64388,0
63611,0
72482,0
69354,0
53680,0
25569,0
23038,0
2445,0
69816,0
50165,0
58663,0
12762,0
16191,0
968,0
7203,0
1656,0
29164,0
38410,0
71318,0
13106,0
6938,0
1925,0
66623,0
4718,0
20241,0
6290,0
66259,0
45347,0
13198,0
12999,0
20606,0
46072,0
22969,0
61519,0
24793,0
18187,0
34554,0
4637,0
46947,0
16976,0
32070,0
1196,0
2128,0
41123,0
37760,0
9894,0
7075,0
40466,0
46011,0
69228,0
11212,0
49092,0
29900,0
21022,0
40222,0
48174,0
44944,0
1231,0
32624,0
45216,0
32515,0
5694,0
64940,0
37699,0
57740,0
66083,0
35598,0
2776,0
32364,0
44999,0
54146,0
17742,0
60560,0
10786,0
66935,0
26522,0
25755,0
66943,0
52451,0
16248,0
15977,0
65084,0
10870,0
57035,0
24592,0
12414,0
49564,0
29134,0
62501,0
32799,0
72776,0
16047,0
38159,0
27834,0
69410,0
42436,0
37098,0
63338,0
71614,0
62347,0
60328,0
12101,0
71847,0
17107,0
73358,0
35951,0
15875,0
66666,0
27135,0
73780,0
68997,0
4777,0
28082,0
29286,0
11534,0
68264,0
50602,0
73754,0
1239,0
68577,0
49385,0
55501,0
60297,0
73891,0
13401,0
60728,0
11573,0
62514,0
51081,0
51728,0
42369,0
6634,0
50847,0
72913,0
33027,0
51951,0
29867,0
62450,0
62199,0
10453,0
71269,0
5230,0
57562,0
64736,0
25566,0
7530,0
3921,0
66514,0
15125,0
65486,0
22418,0
64837,0
47677,0
23042,0
19564,0
19854,0
42895,0
15170,0
15207,0
4904,0
56511,0
20162,0
18363,0
26574,0
72923,0
59414,0
57611,0
5545,0
11707,0
18707,0
38780,0
43144,0
70124,0
4075,0
71299,0
20483,0
40467,0
68884,0
59064,0
14997,0
73120,0
37381,0
16730,0
32486,0
57905,0
49630,0
52634,0
15330,0
28447,0
18098,0
26381,0
8058,0
53986,0
7518,0
4807,0
48468,0
69149,0
35652,0
51204,0
54813,0
37753,0
40849,0
17024,0
16700,0
29572,0
16204,0
42523,0
32180,0
57938,0
32711,0
1418,0
37190,0
56016,0
25326,0
55085,0
12643,0
33347,0
24236,0
67377,0
70028,0
53989,0
10904,0
33218,0
18701,0
8961,0
716,0
23264,0
57298,0
70487,0
20310,0
1260,0
38568,0
40072,0
21847,0
50593,0
43632,0
50519,0
48277,0
19510,0
43607,0
14202,0
27205,0
23308,0
32353,0
29904,0
24684,0
4067,0
15608,0
25829,0
3253,0
16099,0
16076,0
48951,0
15761,0
47985,0
15188,0
6259,0
36888,0
49131,0
66190,0
69898,0
1119,0
13595,0
72241,0
29941,0
42784,0
58277,0
43122,0
71191,0
72212,0
3320,0
48295,0
20831,0
68331,0
30217,0
28947,0
54013,0
70921,0
65734,0
61739,0
30367,0
31538,0
54080,0
1515,0
238,0
30538,0
46984,0
39679,0
28632,0
490,0
18315,0
25227,0
63772,0
6945,0
60149,0
73446,0
41165,0
25239,0
6695,0
28843,0
50423,0
25538,0
52220,0
50402,0
168,0
2943,0
48780,0
60838,0
40182,0
7014,0
29785,0
69764,0
34538,0
22791,0
2373,0
48946,0
64928,0
45413,0
23591,0
1148,0
2618,0
52385,0
19154,0
48670,0
15760,0
13939,0
47382,0
49579,0
15537,0
38065,0
66010,0
57569,0
63342,0
68761,0
27512,0
5718,0
51374,0
71018,0
53295,0
42990,0
30685,0
69707,0
32472,0
53273,0
43281,0
50898,0
30812,0
69196,0
43306,0
33523,0
69548,0
60537,0
35784,0
45294,0
30103,0
20537,0
61270,0
69801,0
7930,0
50897,0
394,0
5391,0
15463,0
23293,0
8294,0
58756,0
15212,0
26387,0
54496,0
25733,0
37527,0
61848,0
21579,0
58264,0
23549,0
52825,0
55190,0
475,0
30767,0
71542,0
41188,0
48273,0
41133,0
14140,0
31,0
46257,0
10393,0
2270,0
65674,0
11317,0
13919,0
57476,0
46859,0
10947,0
51175,0
21891,0
37236,0
56742,0
54241,0
66130,0
34027,0
53334,0
52850,0
69010,0
13191,0
65671,0
69511,0
27120,0
28798,0
5801,0
67461,0
61259,0
45346,0
28694,0
69531,0
23889,0
49782,0
67925,0
58834,0
23200,0
27052,0
35217,0
52990,0
69461,0
10241,0
74083,0
53966,0
56373,0
51661,0
49889,0
55308,0
46534,0
58453,0
1358,0
51375,0
66245,0
15047,0
33572,0
34581,0
47749,0
16093,0
70090,0
67770,0
58519,0
21206,0
56999,0
58280,0
70299,0
57710,0
48917,0
2192,0
44752,0
68380,0
11884,0
73665,0
52998,0
34937,0
65938,0
17815,0
38237,0
41667,0
35338,0
28203,0
26008,0
33155,0
55130,0
26142,0
36416,0
633,0
6497,0
62384,0
56051,0
51594,0
39138,0
59313,0
14830,0
2425,0
58699,0
56469,0
8379,0
64330,0
24409,0
41588,0
28776,0
28682,0
55753,0
26901,0
7947,0
36967,0
69042,0
3563,0
20237,0
13591,0
55388,0
50491,0
38741,0
1498,0
6255,0
43676,0
24109,0
50347,0
6354,0
22293,0
20913,0
29880,0
73810,0
37217,0
58657,0
48984,0
58986,0
15893,0
53499,0
73445,0
73167,0
6081,0
36680,0
31371,0
55837,0
4600,0
50732,0
5189,0
24595,0
56858,0
70203,0
46311,0
42916,0
61983,0
52562,0
17544,0
36696,0
68451,0
5056,0
73468,0
2915,0
8802,0
55674,0
71560,0
42484,0
41735,0
20008,0
32320,0
66474,0
9443,0
123,0
39381,0
63002,0
38939,0
15679,0
34305,0
67217,0
43361,0
2627,0
51936,0
27223,0
51379,0
29251,0
44162,0
59529,0
14147,0
14178,0
61798,0
34114,0
1827,0
31582,0
70969,0
25859,0
65529,0
51653,0
8638,0
66665,0
53951,0
51465,0
69670,0
44008,0
26673,0
4913,0
49615,0
68904,0
57816,0
42920,0
44444,0
45657,0
61173,0
33032,0
40458,0
18357,0
53867,0
12569,0
39878,0
25779,0
28524,0
26588,0
57379,0
14289,0
15052,0
19178,0
19586,0
53456,0
46758,0
58393,0
43845,0
32224,0
57565,0
8012,0
68334,0
7473,0
64911,0
15502,0
61658,0
69307,0
53845,0
44030,0
17018,0
17773,0
20833,0
1275,0
43589,0
41719,0
27279,0
55529,0
5129,0
54348,0
32101,0
13015,0
44919,0
42539,0
1660,0
29263,0
58600,0
33906,0
70085,0
27716,0
21396,0
22041,0
45797,0
51484,0
31907,0
35230,0
6092,0
52993,0
47841,0
22091,0
2772,0
63093,0
11496,0
18580,0
68639,0
36069,0
38276,0
68135,0
69709,0
56378,0
10692,0
20646,0
43188,0
964,0
65041,0
7631,0
14150,0
67280,0
16482,0
45375,0
47580,0
24264,0
27895,0
20800,0
213,0
23771,0
25060,0
4538,0
7999,0
46638,0
1351,0
24875,0
8282,0
1325,0
70071,0
39550,0
73659,0
63251,0
11570,0
61058,0
24395,0
59391,0
21745,0
39115,0
38385,0
58258,0
40944,0
68104,0
56209,0
55326,0
36104,0
35927,0
51775,0
29082,0
4643,0
65701,0
22723,0
51377,0
33787,0
69581,0
31885,0
31445,0
50751,0
35395,0
66594,0
71786,0
10471,0
4203,0
16465,0
70616,0
20331,0
14576,0
70086,0
54337,0
26185,0
25385,0
51948,0
57347,0
18626,0
11071,0
41220,0
38839,0
705,0
70460,0
45682,0
17331,0
28519,0
73164,0
35749,0
30783,0
9898,0
67450,0
72787,0
38782,0
31157,0
52982,0
22716,0
10349,0
10822,0
17799,0
21541,0
64569,0
14904,0
17084,0
32480,0
73362,0
64806,0
65718,0
50500,0
11805,0
59348,0
21991,0
20204,0
55732,0
18986,0
67600,0
42614,0
36583,0
53710,0
55051,0
39779,0
7072,0
4541,0
53924,0
31075,0
29015,0
67762,0
50549,0
66164,0
6340,0
39545,0
40415,0
60028,0
23574,0
33153,0
57953,0
48264,0
9201,0
25023,0
14450,0
29907,0
49557,0
59011,0
30695,0
45802,0
66331,0
29262,0
14815,0
18912,0
3539,0
32615,0
21582,0
28917,0
67685,0
27441,0
73070,0
37676,0
37399,0
1994,0
16284,0
20556,0
33432,0
70012,0
27878,0
16885,0
65637,0
4522,0
20112,0
16244,0
3520,0
7146,0
65592,0
17964,0
69316,0
4258,0
40732,0
53526,0
63439,0
25160,0
2696,0
60982,0
3859,0
7446,0
6850,0
27647,0
8605,0
33850,0
42894,0
70545,0
26641,0
56311,0
52166,0
2933,0
19197,0
36006,0
34220,0
48772,0
27970,0
22785,0
21057,0
71908,0
6318,0
7281,0
25741,0
38091,0
35232,0
56625,0
60027,0
67818,0
36611,0
57914,0
45358,0
49720,0
61687,0
61034,0
3007,0
71506,0
37391,0
3809,0
27094,0
4301,0
58574,0
17329,0
61323,0
55559,0
2642,0
16854,0
7574,0
63055,0
69979,0
6130,0
47286,0
49805,0
40931,0
52305,0
50356,0
59770,0
22312,0
34015,0
4983,0
38880,0
26415,0
46726,0
9849,0
39158,0
52817,0
61922,0
30355,0
9457,0
34166,0
20952,0
28328,0
21530,0
42659,0
18403,0
40306,0
63864,0
19622,0
60227,0
52213,0
44297,0
24199,0
31704,0
44520,0
58882,0
69458,0
46069,0
74214,0
22479,0
1729,0
32317,0
20649,0
69569,0
39690,0
74017,0
12853,0
13117,0
19849,0
20932,0
43243,0
56223,0
37146,0
66251,0
54209,0
1293,0
52505,0
28537,0
42258,0
5107,0
53217,0
15493,0
17703,0
9246,0
65945,0
57663,0
20670,0
63165,0
66266,0
61362,0
51217,0
55184,0
47839,0
40367,0
18519,0
41230,0
60061,0
23675,0
31042,0
66335,0
42598,0
54400,0
3160,0
60872,0
60685,0
53556,0
7507,0
47140,0
11943,0
20212,0
1106,0
2218,0
12993,0
41600,0
33296,0
14692,0
27460,0
4251,0
70247,0
43816,0
62280,0
65540,0
14347,0
25794,0
15083,0
2628,0
31277,0
19084,0
24202,0
23011,0
26508,0
1755,0
65301,0
34060,0
13455,0
28907,0
25426,0
63642,0
73933,0
43440,0
47321,0
30224,0
49646,0
59167,0
30209,0
50299,0
41875,0
64173,0
18754,0
34817,0
60067,0
68546,0
62529,0
37775,0
52539,0
50485,0
25493,0
69315,0
20406,0
7804,0
17896,0
72688,0
47637,0
62052,0
20575,0
66583,0
56299,0
62008,0
39752,0
18463,0
57375,0
35823,0
58906,0
55531,0
36123,0
57808,0
71386,0
36420,0
67587,0
2384,0
43592,0
28391,0
28570,0
32440,0
27639,0
64432,0
71165,0
47004,0
4571,0
59017,0
65185,0
60316,0
20468,0
8126,0
35757,0
9993,0
19227,0
46395,0
68775,0
62874,0
35163,0
1376,0
55145,0
69137,0
54129,0
70254,0
46460,0
416,0
21970,0
37408,0
32229,0
52890,0
25984,0
53383,0
59842,0
8736,0
34973,0
37469,0
46773,0
48576,0
60045,0
10820,0
73935,0
46569,0
9592,0
25506,0
1970,0
9698,0
5624,0
16312,0
37285,0
17208,0
1285,0
73578,0
7659,0
21215,0
15723,0
45447,0
35870,0
32913,0
62630,0
35114,0
47973,0
5629,0
1306,0
46772,0
37274,0
73729,0
63579,0
41273,0
59915,0
30729,0
52604,0
7165,0
33046,0
68045,0
13303,0
65034,0
62219,0
56104,0
54917,0
36812,0
30439,0
43065,0
15547,0
73513,0
7168,0
50798,0
12461,0
26167,0
46797,0
8595,0
48002,0
48900,0
8841,0
22857,0
35093,0
53961,0
41592,0
27304,0
41283,0
29155,0
29777,0
44263,0
3242,0
24205,0
13240,0
64794,0
22238,0
21104,0
45195,0
13697,0
47953,0
28708,0
65444,0
53043,0
56384,0
21640,0
15917,0
15272,0
33399,0
42482,0
24396,0
70049,0
70111,0
72994,0
72738,0
55398,0
59332,0
22526,0
68216,0
58229,0
41403,0
55256,0
69210,0
39177,0
17086,0
65086,0
25495,0
60716,0
40765,0
42542,0
21269,0
67281,0
16051,0
68766,0
3721,0
52041,0
12287,0
42238,0
40298,0
24583,0
21295,0
23601,0
69074,0
21685,0
1728,0
43945,0
33006,0
73480,0
47623,0
36566,0
5017,0
62417,0
3766,0
46356,0
19177,0
24584,0
72781,0
61177,0
58485,0
67470,0
59587,0
36751,0
18886,0
61183,0
30624,0
25070,0
59334,0
16873,0
58538,0
20958,0
44200,0
71084,0
2437,0
55978,0
37454,0
36011,0
8587,0
55787,0
994,0
36582,0
29290,0
44400,0
18077,0
64160,0
33609,0
70983,0
54660,0
58936,0
57928,0
66056,0
44253,0
57983,0
32800,0
53746,0
54297,0
43698,0
40789,0
17517,0
12514,0
30206,0
37354,0
14436,0
67492,0
72196,0
50620,0
23708,0
27576,0
28669,0
71119,0
47213,0
54827,0
36631,0
53123,0
21557,0
20243,0
48784,0
73771,0
43503,0
8194,0
2398,0
57091,0
4892,0
31083,0
68399,0
47574,0
37893,0
54834,0
62947,0
2706,0
26764,0
59964,0
40267,0
56880,0
65801,0
3568,0
67335,0
65985,0
39988,0
67979,0
33185,0
49284,0
23205,0
36480,0
57261,0
6203,0
39689,0
57385,0
61484,0
21224,0
38384,0
5825,0
69404,0
49213,0
9363,0
40060,0
21592,0
26553,0
17366,0
47314,0
66832,0
6555,0
67191,0
5890,0
52276,0
45923,0
27967,0
20193,0
20615,0
63488,0
30830,0
10765,0
56909,0
14294,0
17685,0
24646,0
35222,0
19037,0
73550,0
27570,0
11204,0
15729,0
21411,0
47927,0
42347,0
31351,0
53230,0
18677,0
7991,0
71953,0
69240,0
69612,0
34519,0
23062,0
32692,0
31097,0
39184,0
59111,0
68026,0
22815,0
42996,0
5357,0
35707,0
65647,0
31713,0
5417,0
49796,0
56647,0
33751,0
43342,0
50187,0
63219,0
39166,0
71395,0
72534,0
69435,0
18658,0
73668,0
3853,0
6765,0
69827,0
73117,0
30753,0
3824,0
50218,0
17537,0
61586,0
37934,0
27520,0
26005,0
55658,0
28734,0
30128,0
12792,0
26042,0
72397,0
41797,0
29705,0
72481,0
21931,0
21085,0
34520,0
9893,0
45817,0
6673,0
64375,0
19401,0
26555,0
59683,0
39448,0
51200,0
20175,0
58253,0
38919,0
63528,0
35132,0
17502,0
17059,0
8902,0
54055,0
64009,0
63913,0
49349,0
16544,0
14254,0
14452,0
45402,0
70010,0
37534,0
11625,0
53693,0
14425,0
778,0
6198,0
20388,0
6313,0
33905,0
68508,0
69203,0
16564,0
51472,0
12146,0
1865,0
33189,0
36839,0
68803,0
58285,0
52016,0
46304,0
48862,0
5810,0
15335,0
2047,0
53627,0
18256,0
29492,0
38222,0
66903,0
26721,0
66742,0
70552,0
71820,0
68531,0
64902,0
5323,0
35022,0
64068,0
31748,0
41618,0
44751,0
20595,0
51696,0
31609,0
64898,0
69401,0
33871,0
42247,0
43812,0
2054,0
39123,0
21865,0
25222,0
22455,0
7021,0
52692,0
8888,0
51686,0
47006,0
69631,0
67583,0
50302,0
40643,0
22565,0
25655,0
7567,0
59002,0
14504,0
35085,0
35655,0
69989,0
53288,0
66035,0
30065,0
796,0
5723,0
70818,0
47080,0
10465,0
50606,0
25579,0
73326,0
70727,0
26187,0
55778,0
8182,0
5072,0
42931,0
16081,0
73418,0
26255,0
38966,0
61182,0
22445,0
36776,0
26726,0
65530,0
34761,0
25272,0
27021,0
33011,0
3266,0
62369,0
16425,0
50148,0
20220,0
5870,0
27446,0
11898,0
3043,0
30266,0
766,0
21393,0
26857,0
71779,0
3549,0
14318,0
38202,0
10838,0
58126,0
63911,0
59936,0
17251,0
9568,0
71896,0
50985,0
55939,0
15778,0
40285,0
43703,0
63709,0
27972,0
61883,0
7526,0
33852,0
32107,0
50930,0
38631,0
63732,0
54734,0
33801,0
17706,0
26883,0
43208,0
23034,0
48874,0
45079,0
72825,0
4745,0
15347,0
10650,0
7286,0
43628,0
71727,0
27023,0
50509,0
4722,0
10082,0
20869,0
16678,0
59881,0
25643,0
3228,0
5365,0
31761,0
9491,0
16986,0
61448,0
64698,0
32960,0
20374,0
34869,0
1469,0
17824,0
72637,0
68024,0
58010,0
267,0
48287,0
36037,0
55544,0
10794,0
59083,0
20274,0
31734,0
40658,0
15699,0
25486,0
44357,0
23342,0
62921,0
48987,0
22962,0
5304,0
21598,0
16389,0
11627,0
74046,0
11486,0
47826,0
2847,0
57577,0
16063,0
14849,0
48603,0
10693,0
53409,0
52263,0
18458,0
73575,0
41974,0
26723,0
38476,0
32285,0
28090,0
12945,0
30345,0
58497,0
1587,0
24075,0
68913,0
6949,0
65380,0
48078,0
33249,0
44709,0
19682,0
70041,0
13402,0
63600,0
21880,0
21492,0
10495,0
14524,0
67554,0
54456,0
31067,0
21315,0
34815,0
20923,0
39187,0
13071,0
25862,0
47420,0
23024,0
48691,0
44567,0
68049,0
14264,0
3814,0
7794,0
53520,0
68788,0
30039,0
1304,0
59422,0
44466,0
30108,0
30134,0
37594,0
3530,0
31194,0
35545,0
73042,0
12731,0
19580,0
53305,0
7481,0
200,0
61141,0
65233,0
20793,0
58348,0
32294,0
31682,0
31806,0
56307,0
13108,0
37032,0
36933,0
44949,0
36617,0
20749,0
28137,0
23160,0
6021,0
11862,0
48721,0
27413,0
58493,0
48868,0
69096,0
36419,0
36585,0
67198,0
33571,0
73743,0
56792,0
26771,0
56985,0
49160,0
49987,0
66642,0
19899,0
49750,0
50673,0
826,0
55719,0
70853,0
60116,0
36520,0
52756,0
48733,0
2985,0
69390,0
56943,0
45911,0
13927,0
43870,0
28891,0
43706,0
24916,0
66909,0
60851,0
38424,0
35621,0
19926,0
66941,0
8356,0
13309,0
50344,0
17144,0
37589,0
4458,0
21037,0
6321,0
12179,0
29321,0
67917,0
72815,0
69481,0
9944,0
8007,0
30001,0
72808,0
753,0
31361,0
8023,0
30922,0
14023,0
39323,0
13214,0
53489,0
33333,0
16111,0
2453,0
28505,0
58695,0
49916,0
42518,0
32742,0
17957,0
54569,0
57237,0
57124,0
52403,0
40644,0
23741,0
27349,0
24755,0
30302,0
35858,0
61065,0
68023,0
60574,0
29699,0
6839,0
8574,0
59213,0
48421,0
28196,0
51584,0
34281,0
22390,0
9697,0
64250,0
66075,0
66523,0
41865,0
5006,0
57428,0
10608,0
10661,0
38339,0
19279,0
2288,0
10306,0
66471,0
9871,0
32858,0
61602,0
35684,0
15242,0
74110,0
24127,0
25029,0
18029,0
14148,0
1598,0
40457,0
8272,0
57317,0
28595,0
28208,0
29230,0
31775,0
34417,0
10636,0
55607,0
7352,0
23729,0
67391,0
18767,0
17377,0
55493,0
73473,0
47646,0
1941,0
9235,0
35264,0
41733,0
65743,0
13833,0
42694,0
73165,0
68629,0
51875,0
55506,0
40511,0
19870,0
1575,0
18602,0
31898,0
17053,0
24270,0
69507,0
26689,0
24190,0
1284,0
1725,0
43792,0
52820,0
1212,0
14129,0
1249,0
71958,0
53172,0
73458,0
41423,0
24850,0
49492,0
22038,0
9777,0
71700,0
14878,0
46110,0
24321,0
21286,0
4608,0
26202,0
44590,0
74187,0
10000,0
21158,0
28053,0
42878,0
7989,0
24193,0
13993,0
62654,0
17837,0
40774,0
26835,0
72896,0
72525,0
17292,0
50273,0
39587,0
8712,0
59029,0
31772,0
48099,0
21513,0
2873,0
234,0
38813,0
60125,0
54717,0
21120,0
39344,0
63744,0
33625,0
52381,0
22185,0
61899,0
35925,0
61795,0
51335,0
35427,0
17530,0
6190,0
22325,0
6870,0
7731,0
21397,0
53002,0
10274,0
53983,0
37373,0
67942,0
59059,0
27064,0
47241,0
65160,0
62613,0
47681,0
41436,0
70894,0
71874,0
14307,0
32489,0
61029,0
66756,0
43858,0
19741,0
20790,0
16219,0
40634,0
23124,0
38400,0
5233,0
58302,0
28635,0
4503,0
7625,0
53506,0
58111,0
4910,0
66624,0
57241,0
22760,0
49789,0
23412,0
52927,0
63092,0
55469,0
41327,0
48382,0
24030,0
25971,0
53351,0
9071,0
8875,0
51726,0
32287,0
21026,0
60903,0
63083,0
19938,0
43746,0
2810,0
67985,0
45399,0
17055,0
15505,0
72330,0
71271,0
16912,0
42832,0
25187,0
6275,0
10884,0
72378,0
35752,0
24952,0
26080,0
25475,0
26847,0
12725,0
13172,0
36872,0
4059,0
28898,0
7402,0
25622,0
48971,0
26193,0
69028,0
36787,0
70481,0
16589,0
47615,0
35138,0
63413,0
52347,0
39480,0
15855,0
8406,0
42257,0
24398,0
49222,0
73423,0
44692,0
55193,0
39543,0
61123,0
36074,0
65544,0
47521,0
47411,0
42110,0
32549,0
61463,0
5116,0
38922,0
39491,0
2960,0
55112,0
59960,0
36152,0
29464,0
72062,0
54181,0
27994,0
8799,0
13422,0
46444,0
56281,0
4795,0
68202,0
2364,0
36351,0
38609,0
9602,0
46043,0
25278,0
23950,0
41228,0
5808,0
13678,0
42989,0
39197,0
54344,0
3529,0
10784,0
28573,0
52566,0
38980,0
16809,0
4282,0
10801,0
40128,0
32042,0
52948,0
25112,0
18010,0
37766,0
619,0
39472,0
50478,0
22817,0
24198,0
66750,0
27201,0
43261,0
35871,0
2559,0
39586,0
43254,0
7253,0
63737,0
49439,0
24530,0
10127,0
56640,0
65009,0
6778,0
25624,0
63230,0
45981,0
69735,0
25435,0
58688,0
28281,0
62475,0
65871,0
58452,0
4489,0
38278,0
30750,0
50391,0
59286,0
28026,0
73682,0
63799,0
38855,0
56903,0
65553,0
27298,0
50493,0
51829,0
39936,0
65318,0
26664,0
31923,0
38623,0
55982,0
39659,0
50874,0
709,0
14064,0
33485,0
36136,0
19862,0
48634,0
37951,0
58037,0
9608,0
14066,0
38132,0
8730,0
24458,0
32327,0
64121,0
22747,0
54047,0
32345,0
52498,0
25906,0
58949,0
44858,0
138,0
20609,0
44395,0
22211,0
2080,0
45456,0
71196,0
17439,0
24415,0
57890,0
56270,0
7130,0
65721,0
13863,0
19888,0
67706,0
50280,0
18177,0
59067,0
55811,0
13199,0
67339,0
35910,0
42540,0
27592,0
27578,0
68236,0
68538,0
43061,0
44035,0
12263,0
48321,0
69158,0
10951,0
7414,0
19293,0
36470,0
61536,0
43606,0
66940,0
57735,0
22052,0
58048,0
32670,0
21553,0
44421,0
14705,0
20128,0
35337,0
5812,0
59109,0
25931,0
63708,0
6546,0
7303,0
28896,0
67330,0
55436,0
55239,0
70276,0
4278,0
68649,0
3850,0
62327,0
42886,0
67432,0
3758,0
14757,0
64817,0
6281,0
2313,0
27544,0
6087,0
24674,0
32957,0
49216,0
70146,0
20877,0
8832,0
69725,0
69216,0
18115,0
18491,0
36971,0
866,0
56171,0
8552,0
24425,0
29555,0
7627,0
40925,0
5239,0
22478,0
45508,0
54697,0
956,0
19475,0
72630,0
49276,0
18488,0
70556,0
45794,0
72743,0
32041,0
31233,0
51995,0
27361,0
67494,0
53199,0
46910,0
5883,0
3055,0
47034,0
51843,0
64221,0
64086,0
39402,0
70013,0
30655,0
12790,0
41626,0
65128,0
29225,0
58299,0
59599,0
32628,0
26611,0
34989,0
24786,0
28108,0
32678,0
26570,0
22323,0
17813,0
30095,0
23994,0
71789,0
6823,0
69868,0
59446,0
31750,0
32163,0
25232,0
28751,0
24259,0
54659,0
49747,0
22501,0
22074,0
42676,0
43843,0
10146,0
38444,0
9350,0
41200,0
35604,0
48414,0
8635,0
56396,0
22203,0
35280,0
59760,0
49567,0
60470,0
38877,0
46562,0
60339,0
2117,0
70709,0
72832,0
39361,0
69903,0
13076,0
63115,0
33224,0
62485,0
53538,0
37321,0
61427,0
74032,0
15448,0
61174,0
63637,0
71824,0
46152,0
11272,0
16601,0
29586,0
49152,0
32310,0
21495,0
74044,0
29088,0
6556,0
6672,0
21147,0
10864,0
67044,0
35223,0
23984,0
48170,0
12032,0
41577,0
56911,0
61781,0
35878,0
67974,0
40541,0
25784,0
62099,0
66580,0
45501,0
4327,0
42097,0
49660,0
7486,0
20029,0
665,0
23622,0
1264,0
29740,0
24436,0
39522,0
43045,0
29908,0
26406,0
52829,0
28559,0
58539,0
35077,0
55086,0
32370,0
24679,0
20825,0
51743,0
69962,0
32202,0
55231,0
49279,0
3143,0
38315,0
42765,0
24448,0
318,0
35603,0
17508,0
44693,0
2137,0
51856,0
5944,0
71079,0
20901,0
29729,0
36685,0
69567,0
30546,0
35418,0
12303,0
43760,0
23143,0
8085,0
70861,0
59688,0
14848,0
40909,0
47139,0
72321,0
69926,0
3383,0
25113,0
72751,0
59010,0
48660,0
17371,0
50412,0
55681,0
49142,0
40149,0
3694,0
30599,0
69280,0
16049,0
1559,0
7583,0
47586,0
1479,0
73938,0
39325,0
23512,0
28649,0
24091,0
26041,0
51801,0
696,0
1324,0
69294,0
32250,0
36950,0
71712,0
56680,0
37390,0
1823,0
6593,0
27478,0
28681,0
33318,0
181,0
50231,0
29212,0
68279,0
33692,0
49441,0
36774,0
8107,0
2302,0
1094,0
15530,0
19937,0
22796,0
20978,0
34716,0
26028,0
12421,0
44833,0
46899,0
13952,0
55006,0
11040,0
54444,0
22473,0
17992,0
24100,0
52158,0
73781,0
2275,0
2784,0
11760,0
57109,0
38243,0
1850,0
20803,0
20362,0
23129,0
10679,0
4836,0
40555,0
9707,0
45115,0
22129,0
53762,0
63589,0
35562,0
22098,0
15324,0
48479,0
34325,0
37646,0
57230,0
1022,0
46636,0
22009,0
63233,0
69762,0
32118,0
73249,0
1893,0
60999,0
62210,0
6398,0
27789,0
52398,0
28291,0
17749,0
33441,0
49103,0
21431,0
19965,0
53151,0
46234,0
39272,0
16053,0
26022,0
74208,0
47349,0
6285,0
32874,0
28224,0
66218,0
6015,0
70255,0
70555,0
2243,0
51160,0
9669,0
4784,0
4248,0
5702,0
63593,0
44208,0
575,0
1770,0
36129,0
27849,0
47693,0
37303,0
16731,0
62005,0
42979,0
54899,0
68673,0
36483,0
51123,0
59295,0
37388,0
3978,0
30178,0
32488,0
30117,0
2123,0
18285,0
41909,0
12346,0
30135,0
49345,0
48259,0
17765,0
42634,0
2968,0
25129,0
34681,0
53579,0
50810,0
3944,0
60073,0
40942,0
13751,0
62497,0
1883,0
66244,0
29693,0
58297,0
18561,0
58119,0
55238,0
18386,0
62905,0
22284,0
9858,0
37567,0
16975,0
69783,0
50287,0
20088,0
43,0
8537,0
28443,0
57414,0
69427,0
5213,0
24192,0
71491,0
44372,0
6,0
73077,0
60516,0
1831,0
55424,0
69773,0
20943,0
33180,0
37988,0
64082,0
53317,0
33969,0
33471,0
26904,0
9040,0
73456,0
12856,0
48171,0
39368,0
49929,0
49195,0
11832,0
44234,0
61905,0
14744,0
9837,0
21501,0
33462,0
53547,0
73281,0
14610,0
1076,0
1618,0
16268,0
59030,0
43511,0
27290,0
57810,0
43996,0
62464,0
19837,0
35294,0
44623,0
50678,0
51509,0
1288,0
31141,0
3392,0
37611,0
35140,0
20688,0
61150,0
40495,0
24992,0
51270,0
18873,0
70500,0
50659,0
44862,0
39996,0
73614,0
39198,0
2417,0
41859,0
60411,0
37980,0
63734,0
23562,0
66693,0
31021,0
62152,0
45609,0
11636,0
28780,0
4425,0
22224,0
66867,0
24147,0
35772,0
72712,0
32217,0
10695,0
20471,0
38306,0
27683,0
34783,0
41236,0
3117,0
50570,0
15411,0
23791,0
52913,0
26050,0
20916,0
19703,0
8487,0
17117,0
48675,0
41599,0
38693,0
24886,0
8773,0
43742,0
41922,0
25185,0
31160,0
54091,0
35950,0
43639,0
37941,0
40672,0
39694,0
46180,0
35349,0
26057,0
58183,0
31409,0
57094,0
36193,0
19600,0
1142,0
55733,0
66691,0
20909,0
61382,0
61616,0
50272,0
10107,0
45369,0
40389,0
10513,0
36020,0
41291,0
2757,0
73104,0
66192,0
69009,0
71229,0
25629,0
545,0
43301,0
70929,0
51459,0
23197,0
59087,0
1956,0
55350,0
18158,0
47620,0
72449,0
58769,0
3328,0
27702,0
47171,0
62835,0
72276,0
24148,0
57498,0
33384,0
48042,0
38359,0
63656,0
50529,0
23436,0
63217,0
38702,0
16048,0
37956,0
65450,0
66617,0
7750,0
66391,0
7971,0
61703,0
53648,0
13899,0
22824,0
20539,0
45770,0
19301,0
30981,0
7965,0
52969,0
34987,0
34552,0
40684,0
11697,0
14571,0
41068,0
40601,0
5714,0
49708,0
41020,0
42822,0
56977,0
59068,0
11868,0
40758,0
69332,0
7721,0
20752,0
56845,0
40841,0
34606,0
46195,0
8571,0
11894,0
20438,0
41413,0
59253,0
37451,0
47189,0
31679,0
57085,0
8808,0
47110,0
591,0
31490,0
15740,0
16178,0
56786,0
42131,0
8957,0
72549,0
68711,0
40646,0
61941,0
70133,0
9160,0
58102,0
1305,0
62819,0
31188,0
58607,0
49645,0
68827,0
27199,0
34167,0
59859,0
8798,0
12004,0
5240,0
73046,0
32729,0
29203,0
5736,0
70681,0
52466,0
4774,0
25627,0
55437,0
56091,0
71645,0
12595,0
15236,0
20391,0
24964,0
33263,0
71706,0
60673,0
17109,0
67442,0
17510,0
29223,0
6374,0
68372,0
72842,0
63641,0
68770,0
49449,0
56292,0
30047,0
57669,0
37912,0
22354,0
61967,0
23355,0
61974,0
3822,0
115,0
37919,0
46632,0
47970,0
11902,0
51839,0
41408,0
66287,0
15849,0
45791,0
5633,0
22178,0
51903,0
70962,0
69363,0
44117,0
19381,0
69451,0
46854,0
43015,0
41808,0
11050,0
41307,0
47177,0
32554,0
18311,0
72571,0
56446,0
63722,0
27537,0
25664,0
42409,0
16478,0
34731,0
9236,0
11944,0
5227,0
40936,0
19976,0
17591,0
48482,0
20717,0
58647,0
11827,0
12335,0
13965,0
50086,0
27754,0
35859,0
51811,0
70697,0
48458,0
69696,0
27,0
47347,0
65363,0
34899,0
24051,0
9603,0
38535,0
62637,0
72939,0
28796,0
70008,0
27597,0
6352,0
11391,0
42526,0
43429,0
39609,0
22194,0
48579,0
23578,0
27642,0
65113,0
59211,0
27449,0
71570,0
5612,0
48876,0
36053,0
61548,0
53346,0
33201,0
43270,0
44602,0
49217,0
30082,0
3410,0
59054,0
20288,0
64718,0
47120,0
13741,0
43954,0
27745,0
45038,0
67048,0
29063,0
63792,0
5669,0
9284,0
47415,0
50355,0
747,0
12262,0
6813,0
5728,0
72507,0
148,0
56286,0
44498,0
10803,0
64639,0
23211,0
74139,0
5946,0
30244,0
66618,0
67465,0
41175,0
70518,0
15209,0
4077,0
4900,0
35574,0
16952,0
49828,0
59086,0
20224,0
42683,0
33145,0
64430,0
8247,0
28552,0
4045,0
17649,0
38163,0
4526,0
26259,0
6928,0
66635,0
12059,0
30746,0
73721,0
3854,0
1357,0
10442,0
50868,0
18904,0
12968,0
39012,0
51212,0
44977,0
37333,0
37608,0
11191,0
29866,0
36917,0
28792,0
66336,0
42418,0
23547,0
51193,0
63620,0
31660,0
23858,0
63001,0
13254,0
63478,0
42605,0
39209,0
72280,0
51347,0
35874,0
9980,0
73218,0
32177,0
55134,0
5173,0
31140,0
30042,0
66275,0
38684,0
55046,0
59445,0
13956,0
5278,0
35237,0
18680,0
67944,0
6834,0
17474,0
22012,0
1125,0
70177,0
9589,0
3070,0
43630,0
31402,0
42753,0
32407,0
27293,0
11678,0
5199,0
8834,0
44456,0
51493,0
73872,0
29047,0
62224,0
54876,0
71764,0
63866,0
46375,0
71162,0
39803,0
29730,0
58472,0
47446,0
35463,0
6431,0
37597,0
10594,0
19765,0
57891,0
14410,0
51946,0
38449,0
63485,0
15896,0
46294,0
11407,0
33279,0
37157,0
43483,0
70722,0
73600,0
38927,0
51569,0
45194,0
59207,0
69123,0
15543,0
58016,0
68533,0
9074,0
55019,0
51931,0
18533,0
33755,0
34986,0
65312,0
21311,0
66679,0
48055,0
35924,0
1363,0
54757,0
64621,0
47943,0
37108,0
22648,0
40615,0
49862,0
32971,0
33228,0
18821,0
32416,0
23925,0
22525,0
63696,0
56728,0
65251,0
12729,0
25714,0
54621,0
31935,0
8391,0
11506,0
64944,0
28162,0
66091,0
61717,0
21320,0
32541,0
27669,0
180,0
36356,0
54340,0
26649,0
30756,0
48090,0
44905,0
58318,0
56260,0
39498,0
29801,0
37491,0
55116,0
21615,0
39258,0
60637,0
36034,0
22163,0
50770,0
11736,0
31283,0
604,0
40757,0
12665,0
41255,0
19206,0
11219,0
2219,0
35292,0
31153,0
17174,0
46855,0
32965,0
69309,0
30723,0
46499,0
34428,0
11611,0
37331,0
48282,0
21052,0
39553,0
7505,0
49304,0
7879,0
17946,0
34633,0
51563,0
20198,0
36914,0
50794,0
39959,0
60782,0
21726,0
1114,0
36630,0
56004,0
5100,0
18389,0
10104,0
14968,0
48888,0
22527,0
47142,0
4021,0
27629,0
67622,0
12097,0
28916,0
29133,0
64013,0
73871,0
61583,0
45409,0
44966,0
36799,0
890,0
44708,0
52871,0
19708,0
48520,0
1340,0
104,0
57522,0
41300,0
66505,0
61867,0
18991,0
17254,0
6169,0
50206,0
47156,0
28346,0
18576,0
7555,0
7833,0
47453,0
71265,0
5753,0
12691,0
13534,0
34221,0
66570,0
23079,0
59803,0
59424,0
61630,0
49498,0
41946,0
28360,0
11276,0
71731,0
1606,0
25561,0
67412,0
53197,0
50425,0
58639,0
41634,0
68734,0
26282,0
40637,0
21046,0
71246,0
50959,0
3691,0
5223,0
17039,0
55434,0
72746,0
59978,0
4782,0
39008,0
17152,0
50112,0
11282,0
44367,0
22219,0
56557,0
12493,0
61525,0
49556,0
3373,0
70754,0
9422,0
69918,0
5392,0
58700,0
70307,0
20647,0
30973,0
36496,0
58556,0
56655,0
71973,0
52239,0
9660,0
45241,0
32065,0
31147,0
20677,0
10990,0
55056,0
8050,0
12916,0
62666,0
70341,0
42276,0
30240,0
42462,0
63954,0
62954,0
65503,0
63202,0
7590,0
69654,0
7976,0
72324,0
73037,0
44427,0
57163,0
47884,0
62133,0
11000,0
38530,0
13619,0
43914,0
50861,0
16888,0
30670,0
71145,0
67764,0
57841,0
8719,0
73389,0
2015,0
31198,0
36906,0
17740,0
46182,0
34745,0
3226,0
56067,0
32046,0
15074,0
38967,0
57525,0
53799,0
38477,0
38491,0
15741,0
30433,0
30204,0
14941,0
26634,0
47543,0
45572,0
65763,0
69283,0
161,0
16923,0
50735,0
51154,0
72302,0
53794,0
33727,0
33355,0
27750,0
22481,0
65498,0
16530,0
24628,0
16936,0
61081,0
43264,0
58546,0
14269,0
53881,0
23265,0
66723,0
9272,0
37738,0
23288,0
38853,0
11469,0
71147,0
34269,0
8059,0
21075,0
26199,0
32706,0
25155,0
70285,0
21560,0
73927,0
34904,0
10983,0
13583,0
13157,0
23014,0
44343,0
45673,0
11043,0
34400,0
34090,0
19591,0
12098,0
34497,0
35677,0
26039,0
9609,0
25037,0
1220,0
68365,0
24546,0
68073,0
42946,0
55151,0
3156,0
18207,0
43744,0
35204,0
39392,0
6941,0
21040,0
73128,0
36411,0
71154,0
26888,0
33387,0
53015,0
45597,0
39462,0
962,0
10222,0
69986,0
33459,0
61000,0
5297,0
46814,0
10723,0
53610,0
58581,0
42197,0
46321,0
30041,0
620,0
7247,0
55973,0
9404,0
15486,0
26872,0
65217,0
73241,0
35775,0
21245,0
2669,0
16957,0
10966,0
19362,0
48419,0
3526,0
39176,0
70242,0
41901,0
27546,0
36392,0
27602,0
32055,0
17921,0
25936,0
43198,0
52795,0
58340,0
12495,0
2122,0
21193,0
65124,0
68085,0
4563,0
53382,0
23667,0
42489,0
52096,0
22850,0
10660,0
40584,0
52105,0
22593,0
41913,0
25453,0
28006,0
9233,0
28233,0
14583,0
26575,0
31005,0
43934,0
10690,0
16044,0
55548,0
63928,0
53787,0
38819,0
21093,0
20235,0
52921,0
64026,0
69972,0
6448,0
44652,0
42268,0
11231,0
10046,0
70169,0
57931,0
29108,0
12422,0
7732,0
62200,0
57973,0
58730,0
59896,0
15387,0
35366,0
60881,0
18672,0
2665,0
36733,0
27329,0
692,0
18412,0
28135,0
69730,0
42376,0
22109,0
21755,0
36706,0
5519,0
52464,0
72410,0
8899,0
61986,0
14825,0
20387,0
60130,0
20360,0
43253,0
6574,0
18746,0
28935,0
52022,0
53905,0
24039,0
62803,0
6377,0
42997,0
20194,0
10954,0
71717,0
58356,0
12540,0
56152,0
21539,0
72522,0
25454,0
14898,0
56619,0
38453,0
2917,0
64281,0
62887,0
49030,0
25207,0
40792,0
17808,0
73477,0
58983,0
26105,0
62421,0
24531,0
62620,0
52268,0
21784,0
15167,0
59792,0
71474,0
13915,0
49145,0
45117,0
42510,0
22230,0
59233,0
25935,0
6383,0
56391,0
20519,0
8900,0
35785,0
55399,0
61801,0
53424,0
64883,0
26644,0
68859,0
19444,0
49533,0
13937,0
58878,0
814,0
40223,0
54265,0
51316,0
38206,0
58074,0
62217,0
5548,0
48388,0
70398,0
56892,0
61975,0
31980,0
11110,0
38552,0
16289,0
36093,0
33851,0
70541,0
40095,0
27138,0
19367,0
50859,0
4122,0
27462,0
48108,0
12464,0
60270,0
36324,0
38944,0
36830,0
52274,0
40784,0
69247,0
70687,0
72257,0
51037,0
26134,0
34481,0
33160,0
46781,0
33465,0
21150,0
70774,0
1719,0
56787,0
31108,0
72872,0
26256,0
69723,0
15363,0
18227,0
51599,0
69742,0
62633,0
65981,0
27794,0
33597,0
26655,0
48380,0
13205,0
46905,0
69609,0
62441,0
53124,0
62552,0
63988,0
41715,0
36536,0
69671,0
35821,0
25835,0
18735,0
36859,0
4358,0
15571,0
44289,0
69188,0
59154,0
52200,0
72311,0
40078,0
9939,0
5923,0
59924,0
59271,0
10480,0
17977,0
61487,0
9022,0
51062,0
13345,0
196,0
47957,0
4507,0
6188,0
20765,0
10702,0
57708,0
73214,0
51502,0
40176,0
59821,0
60599,0
50127,0
13153,0
1549,0
10467,0
22878,0
1605,0
60942,0
21887,0
47158,0
68435,0
62732,0
12632,0
5361,0
56473,0
8538,0
45021,0
51973,0
73258,0
13052,0
31930,0
63906,0
46702,0
53283,0
30432,0
65597,0
4488,0
4291,0
37072,0
5660,0
72045,0
39832,0
9163,0
70034,0
52027,0
1513,0
15738,0
35783,0
32434,0
71516,0
65081,0
3032,0
29030,0
35964,0
70394,0
28688,0
63718,0
65109,0
26108,0
173,0
41877,0
60505,0
29917,0
1987,0
54313,0
19285,0
9929,0
69603,0
39542,0
5539,0
23329,0
26599,0
11559,0
26866,0
61541,0
72187,0
10388,0
41106,0
71538,0
57059,0
39425,0
23206,0
33721,0
48401,0
54038,0
67194,0
43293,0
54742,0
28110,0
38852,0
4486,0
19799,0
29182,0
20663,0
55906,0
21950,0
20346,0
6586,0
60983,0
613,0
42233,0
73656,0
12158,0
15168,0
307,0
29947,0
3930,0
65236,0
60611,0
59981,0
56427,0
11634,0
9190,0
4080,0
51383,0
27586,0
2351,0
45215,0
53352,0
16217,0
11463,0
14495,0
52574,0
40195,0
28958,0
51179,0
65371,0
10634,0
55397,0
48694,0
69183,0
31616,0
30770,0
8328,0
29926,0
56388,0
53958,0
12316,0
29036,0
41538,0
19026,0
67695,0
25689,0
45792,0
67986,0
25753,0
6100,0
4100,0
65313,0
26971,0
19997,0
14521,0
55807,0
33260,0
48976,0
69051,0
59628,0
6569,0
51845,0
30173,0
28753,0
29984,0
5983,0
70842,0
68033,0
39923,0
6304,0
31893,0
72455,0
12297,0
70946,0
34618,0
39944,0
48968,0
35249,0
40343,0
22002,0
55221,0
23104,0
66739,0
28574,0
51166,0
40557,0
61517,0
65098,0
19452,0
18020,0
9580,0
36896,0
56121,0
5477,0
58061,0
9049,0
45122,0
28771,0
72769,0
2692,0
57847,0
53209,0
41107,0
31149,0
11981,0
40408,0
37858,0
48841,0
48532,0
2393,0
64517,0
34649,0
44018,0
61504,0
20205,0
70819,0
60100,0
1110,0
37583,0
50394,0
4664,0
60340,0
32151,0
8254,0
3403,0
7767,0
36177,0
2640,0
42155,0
73664,0
43682,0
12419,0
15691,0
54576,0
15724,0
32654,0
55195,0
27787,0
45084,0
48965,0
68284,0
12338,0
39213,0
158,0
39610,0
59562,0
31240,0
18714,0
3177,0
26232,0
7044,0
34390,0
47325,0
40169,0
1694,0
15757,0
51945,0
56081,0
37829,0
33281,0
14258,0
34049,0
59956,0
40077,0
52380,0
42497,0
57009,0
596,0
31966,0
57367,0
32174,0
10191,0
28495,0
61611,0
50848,0
21632,0
14317,0
57860,0
14497,0
15378,0
32280,0
36404,0
52665,0
44417,0
7531,0
4070,0
26681,0
17131,0
40869,0
68103,0
6240,0
6629,0
54324,0
49830,0
4176,0
10156,0
55859,0
13234,0
71533,0
59819,0
24719,0
22386,0
63181,0
69713,0
53444,0
3827,0
51215,0
37439,0
58997,0
7183,0
25025,0
15709,0
30635,0
15279,0
23631,0
55258,0
22000,0
30711,0
70595,0
17870,0
62428,0
19596,0
24935,0
55720,0
33608,0
69810,0
53729,0
29075,0
65456,0
11575,0
13989,0
57066,0
51061,0
56481,0
71879,0
4850,0
50759,0
47733,0
31863,0
61332,0
27709,0
15636,0
44834,0
50366,0
47563,0
56701,0
59769,0
73160,0
20875,0
20395,0
14516,0
54376,0
51617,0
33487,0
52974,0
30826,0
20695,0
73868,0
33804,0
10385,0
12364,0
17894,0
34698,0
49997,0
51647,0
55820,0
5546,0
23927,0
4609,0
6995,0
30809,0
64298,0
61675,0
60994,0
34959,0
59090,0
13832,0
61374,0
22976,0
10889,0
46813,0
17523,0
23678,0
21609,0
36939,0
12783,0
15488,0
66088,0
64690,0
69072,0
18876,0
50140,0
47894,0
3964,0
55849,0
53051,0
3577,0
46150,0
68437,0
1147,0
29723,0
2265,0
21451,0
46348,0
37637,0
60963,0
27479,0
45218,0
52725,0
17252,0
44955,0
66089,0
25268,0
51852,0
37605,0
71865,0
68941,0
13058,0
30277,0
37028,0
6344,0
71831,0
13771,0
66949,0
41571,0
19686,0
60689,0
23761,0
26519,0
24113,0
32760,0
12473,0
64867,0
25783,0
66394,0
36054,0
43918,0
42612,0
19647,0
53536,0
46468,0
52975,0
41924,0
9623,0
12465,0
28859,0
66708,0
71203,0
53616,0
74078,0
1569,0
62011,0
44841,0
62593,0
56437,0
41333,0
46238,0
25570,0
53807,0
28325,0
66970,0
62554,0
1108,0
50812,0
59317,0
7162,0
68680,0
23993,0
31051,0
29393,0
40815,0
41892,0
55447,0
68256,0
18728,0
2427,0
36005,0
2528,0
50758,0
12122,0
54850,0
71622,0
13535,0
62304,0
60104,0
36443,0
25296,0
17218,0
20813,0
4421,0
67023,0
41846,0
70501,0
20796,0
32483,0
45411,0
12339,0
19672,0
1588,0
69785,0
4706,0
46555,0
34617,0
54367,0
67750,0
63515,0
61810,0
38696,0
46941,0
62407,0
40665,0
66321,0
73352,0
64705,0
38528,0
29992,0
38850,0
39909,0
16526,0
43225,0
10580,0
68291,0
28102,0
24761,0
41635,0
14343,0
39507,0
28605,0
41412,0
74203,0
29222,0
16218,0
57272,0
40275,0
23496,0
59276,0
16386,0
50942,0
54424,0
49636,0
1360,0
48404,0
24389,0
14629,0
33393,0
3128,0
16414,0
56003,0
59277,0
54005,0
49924,0
4215,0
59392,0
19644,0
59494,0
67950,0
44596,0
7447,0
39365,0
5815,0
38373,0
32215,0
68118,0
73447,0
73681,0
40560,0
11490,0
18059,0
12382,0
12990,0
46002,0
31843,0
59261,0
67447,0
29779,0
60752,0
62812,0
52765,0
51529,0
13295,0
74105,0
57689,0
73279,0
3189,0
10123,0
44215,0
30381,0
62296,0
3237,0
66262,0
60781,0
22605,0
27548,0
13962,0
49913,0
36622,0
4574,0
37666,0
5348,0
31472,0
44776,0
59370,0
36968,0
5513,0
25847,0
68487,0
60787,0
22112,0
23757,0
29600,0
11024,0
40805,0
71698,0
43169,0
58454,0
60635,0
50573,0
39825,0
31851,0
65325,0
28134,0
59889,0
50818,0
58478,0
51919,0
4475,0
35884,0
